-- MySQL dump 10.13  Distrib 8.0.25, for Win64 (x86_64)
--
-- Host: localhost    Database: vk
-- ------------------------------------------------------
-- Server version	8.0.25

/*!40101 SET @OLD_CHARACTER_SET_CLIENT=@@CHARACTER_SET_CLIENT */;
/*!40101 SET @OLD_CHARACTER_SET_RESULTS=@@CHARACTER_SET_RESULTS */;
/*!40101 SET @OLD_COLLATION_CONNECTION=@@COLLATION_CONNECTION */;
/*!50503 SET NAMES utf8mb4 */;
/*!40103 SET @OLD_TIME_ZONE=@@TIME_ZONE */;
/*!40103 SET TIME_ZONE='+00:00' */;
/*!40014 SET @OLD_UNIQUE_CHECKS=@@UNIQUE_CHECKS, UNIQUE_CHECKS=0 */;
/*!40014 SET @OLD_FOREIGN_KEY_CHECKS=@@FOREIGN_KEY_CHECKS, FOREIGN_KEY_CHECKS=0 */;
/*!40101 SET @OLD_SQL_MODE=@@SQL_MODE, SQL_MODE='NO_AUTO_VALUE_ON_ZERO' */;
/*!40111 SET @OLD_SQL_NOTES=@@SQL_NOTES, SQL_NOTES=0 */;

--
-- Table structure for table `communities`
--

DROP TABLE IF EXISTS `communities`;
/*!40101 SET @saved_cs_client     = @@character_set_client */;
/*!50503 SET character_set_client = utf8mb4 */;
CREATE TABLE `communities` (
  `id` bigint unsigned NOT NULL AUTO_INCREMENT,
  `name` varchar(150) NOT NULL,
  `description` varchar(255) DEFAULT NULL,
  `admin_id` bigint unsigned NOT NULL,
  PRIMARY KEY (`id`),
  UNIQUE KEY `id` (`id`),
  KEY `admin_id` (`admin_id`),
  CONSTRAINT `communities_ibfk_1` FOREIGN KEY (`admin_id`) REFERENCES `users` (`id`)
) ENGINE=InnoDB AUTO_INCREMENT=51 DEFAULT CHARSET=utf8mb4 COLLATE=utf8mb4_0900_ai_ci;
/*!40101 SET character_set_client = @saved_cs_client */;

--
-- Dumping data for table `communities`
--

LOCK TABLES `communities` WRITE;
/*!40000 ALTER TABLE `communities` DISABLE KEYS */;
INSERT INTO `communities` VALUES (1,'deleniti','Eum consequatur quam neque perferendis. Nulla architecto a tenetur sunt nemo ut consequatur. Dolorem accusamus id facilis distinctio iste ex. Ullam ullam ea quae labore.',37),(2,'sapiente','Laboriosam qui voluptatem vel tempore. Ut et iusto quia.',2),(3,'ut','Ea recusandae beatae quod non est. Ea ratione molestias debitis sunt amet. Perspiciatis sed eum quas est ullam quos. Magni aperiam rem perspiciatis vel.',64),(4,'ipsa','Nostrum in rerum ut in recusandae vitae. Autem quasi ut voluptatem minus ad at. Dolor eveniet reprehenderit a soluta enim. Et est consequuntur veritatis. Neque hic odit commodi odit commodi voluptatem maiores.',50),(5,'quia','Deleniti natus id asperiores provident libero. Vitae dolorem minus qui voluptates autem. Nam adipisci sit impedit nobis saepe dolorem impedit.',80),(6,'quidem','Eaque ut eos minus dolore aliquam voluptatibus sit. Et iste qui consectetur necessitatibus aliquid perferendis molestiae eius. Aut aut aspernatur minus officia. Iusto quisquam molestiae corporis accusantium.',5),(7,'minus','Consectetur dolorem cupiditate et. Minus dolores repellat atque suscipit maiores aut non. Praesentium veritatis enim earum inventore corporis error.',48),(8,'minus','Saepe distinctio sequi quis error architecto sit. Tenetur id sunt repudiandae impedit pariatur at sed dolorem. Tempore voluptatem sunt rerum voluptatem aliquid. Nobis quam earum sint voluptatem officia voluptas et hic.',82),(9,'vero','Molestiae repudiandae non et quam. Tempora assumenda totam unde est laudantium voluptas consequatur. Totam est totam accusamus ipsa maiores qui perspiciatis.',73),(10,'quis','Inventore repellat dignissimos et aliquam debitis. Labore suscipit natus et excepturi. Totam eius quia sequi eos ab aut voluptatem atque. Et hic doloremque et mollitia culpa.',84),(11,'ipsa','Eaque molestiae aut omnis eum cum. Est officia repellendus incidunt.',14),(12,'dolores','Nihil voluptatem asperiores dicta a incidunt necessitatibus voluptas. Laudantium tempore voluptatem voluptas. Ducimus numquam et ab accusantium et.',76),(13,'sit','Officia nostrum voluptatem rem dolorum molestiae sunt. Vel esse quaerat perferendis voluptatem. Et dicta qui ipsam repellat omnis delectus.',2),(14,'qui','Quod debitis debitis nemo quas. Aut ut voluptatem vero. Iste iste expedita voluptate saepe tenetur sed.',60),(15,'reprehenderit','Animi vel recusandae minus. Quam delectus qui omnis reiciendis quos et. Tenetur voluptatem impedit officiis saepe. Qui et aut fuga eos quas sequi. Fuga dolore blanditiis eos qui fugiat.',38),(16,'aut','Repellendus voluptatem sint fugit non. Tempore sint facilis labore.',24),(17,'placeat','Ea quia enim odio accusamus quos delectus. Fugiat rerum qui eos officiis eum velit voluptatem sit. Voluptate et ea deleniti sunt voluptatem quia. Non aliquam et et quisquam.',92),(18,'asperiores','Sunt deserunt reprehenderit perferendis dolor deserunt sit. Qui et non eum error ut est modi quo.',61),(19,'earum','Qui placeat ea quas dolorum qui autem. Beatae dolorum optio beatae cumque assumenda. Omnis voluptatum praesentium dignissimos impedit aliquid et.',95),(20,'est','Voluptas autem dolore minima eaque. Officia necessitatibus debitis voluptatem incidunt fugiat voluptatibus iusto. Quidem voluptatibus et dolores dicta velit est hic.',42),(21,'consequatur','Dolorem enim excepturi voluptatem minus. Quia aut eos praesentium nulla ullam et. Sunt cumque omnis esse pariatur sed.',68),(22,'magnam','Laudantium et quidem cupiditate voluptatem pariatur qui voluptatem. Sequi explicabo voluptatem doloribus. Est exercitationem sit quis blanditiis.',3),(23,'corrupti','Repellendus nihil repellendus non. Sed sunt dignissimos et laborum. Eum fugit fuga laborum et ut id.',33),(24,'ducimus','Autem id doloremque iure quis est quam a. Sunt excepturi harum ea sit. Tenetur ipsum dolores earum est. Ea debitis saepe sit et numquam consequatur.',87),(25,'consequatur','Odio eum rerum sed illo. Perspiciatis libero autem excepturi. Et sed tempore ducimus voluptates amet. Esse labore consequatur quis autem neque quaerat fugit.',46),(26,'officia','Sint perferendis quasi sed. Atque est corporis id dolore. Officia exercitationem cumque ea. Necessitatibus sunt neque necessitatibus non rerum expedita expedita sequi.',49),(27,'sit','Omnis dolor beatae doloremque et. Culpa maiores debitis molestiae aut vero qui quia. Ut dignissimos magnam sint numquam esse.',49),(28,'nihil','Repellendus occaecati nisi autem eos sint pariatur eos. Illum consequatur quia sunt ex quam ab. Consequuntur ducimus vel excepturi et praesentium consequatur et. Inventore asperiores aut non delectus.',5),(29,'voluptas','Vitae assumenda praesentium sint facere qui eos. Est nemo at autem et. Qui ipsa optio sit corrupti rerum blanditiis. Facere sapiente blanditiis repellat occaecati dolorum dolor doloremque.',71),(30,'maiores','Quia at est quo quo est sint. Ut ut molestiae ea voluptatem culpa porro. Dignissimos quia illo repellendus nostrum.',4),(31,'a','Id maxime eligendi molestiae est at. Minima consequatur provident aut assumenda deleniti natus. Vero quia odio occaecati quo minima. Ut est expedita officia dolorum aliquam quis. Iure est rerum unde amet.',23),(32,'in','Et est ducimus velit. Atque quos et iste qui. Quia rem iure est expedita eum ut. Ipsum facere in libero dicta officia soluta.',7),(33,'non','Est voluptatem deserunt natus odit. Vel ea nihil nisi iusto voluptas amet accusantium. Architecto ipsam non et quisquam accusantium. Aut dignissimos et aut quia odit.',5),(34,'et','Omnis ipsam ea est maiores saepe quas id. Nihil iure dolorem ut omnis laborum. Ea laudantium ut expedita. Et ducimus doloremque fuga maxime voluptas voluptate voluptate.',86),(35,'voluptas','Sed aut mollitia voluptatem consectetur ullam error. Consequatur deleniti illo eos aliquid necessitatibus dolore. Est qui consectetur et illum laborum eum omnis doloremque.',56),(36,'explicabo','Temporibus possimus debitis nesciunt nulla consequatur pariatur aut consequuntur. Dolores dolor aliquam iusto totam occaecati.',85),(37,'veniam','Non accusantium ut aperiam modi et. Labore repudiandae fuga veniam ea sed ab. Non provident et eos. Et dolorem veritatis dolores numquam temporibus.',91),(38,'animi','Tempora earum sed occaecati blanditiis qui optio tempore. Ut laudantium omnis et sapiente qui vel qui. Rerum dolorem voluptas consequuntur officia aut. Eos consectetur et amet pariatur quis qui quis illo.',4),(39,'nihil','Aliquam sequi corporis laudantium dicta dolor. Molestiae aut dolor ut ut tempore qui. Architecto enim recusandae eveniet commodi et sit ut.',66),(40,'non','Perspiciatis harum doloribus consectetur autem. Dolorem veniam enim nostrum nemo ullam quaerat corporis ut.',64),(41,'aut','Sit nam eligendi ratione est laudantium est qui. Ea rerum animi veritatis odio ducimus sed. Ab deleniti sunt maxime ratione atque rerum.',87),(42,'ea','Accusamus expedita soluta aut est quae eum. Quasi enim quasi earum quia ullam vel distinctio. Quia et earum temporibus eos quia atque. Enim nam molestias vero.',80),(43,'laudantium','Rerum nemo dolorem dolorum enim sed perferendis. Impedit adipisci accusantium quod facere est facilis. Tempora doloribus nulla officia quod quis.',39),(44,'dolor','Neque labore voluptas qui quas. Omnis asperiores voluptatem non qui modi aspernatur aut.',89),(45,'perferendis','Dolorum voluptas quo beatae non natus asperiores est. Id necessitatibus commodi similique natus. Explicabo consequatur laboriosam consequatur voluptatem corporis.',40),(46,'et','Praesentium quo ea sapiente et aut quas. Corrupti officiis ratione sed sunt. Natus iste deserunt impedit maiores sunt aut. Non provident eaque natus quas veritatis illum excepturi.',76),(47,'quo','Eum aut sit voluptatum. Aut aliquam ad quidem harum voluptas. Dignissimos inventore dignissimos adipisci quis quia distinctio.',12),(48,'placeat','Saepe consequatur unde autem cumque impedit aliquid facere. Ipsum error perferendis quia rerum adipisci. Ratione accusamus ex quos esse non facilis. Quia consequatur in vero laborum numquam.',32),(49,'est','Nobis possimus vero sequi et ullam. Consequatur qui velit voluptas. Sunt consequatur nihil consequuntur reiciendis distinctio nesciunt rerum.',37),(50,'tenetur','Magnam optio eligendi sunt ut iure in. Nostrum dolores qui culpa non veniam cupiditate. Omnis consequatur laborum quas vel fugiat. Ipsam vero dolorem dolorem vitae ad.',7);
/*!40000 ALTER TABLE `communities` ENABLE KEYS */;
UNLOCK TABLES;

--
-- Table structure for table `communities_users`
--

DROP TABLE IF EXISTS `communities_users`;
/*!40101 SET @saved_cs_client     = @@character_set_client */;
/*!50503 SET character_set_client = utf8mb4 */;
CREATE TABLE `communities_users` (
  `community_id` bigint unsigned NOT NULL,
  `user_id` bigint unsigned NOT NULL,
  `created_at` datetime NOT NULL DEFAULT CURRENT_TIMESTAMP,
  PRIMARY KEY (`community_id`,`user_id`),
  KEY `community_id` (`community_id`),
  KEY `user_id` (`user_id`),
  CONSTRAINT `communities_users_ibfk_1` FOREIGN KEY (`community_id`) REFERENCES `communities` (`id`),
  CONSTRAINT `communities_users_ibfk_2` FOREIGN KEY (`user_id`) REFERENCES `users` (`id`)
) ENGINE=InnoDB DEFAULT CHARSET=utf8mb4 COLLATE=utf8mb4_0900_ai_ci;
/*!40101 SET character_set_client = @saved_cs_client */;

--
-- Dumping data for table `communities_users`
--

LOCK TABLES `communities_users` WRITE;
/*!40000 ALTER TABLE `communities_users` DISABLE KEYS */;
INSERT INTO `communities_users` VALUES (1,39,'2021-04-29 10:30:14'),(1,55,'2014-08-10 19:14:27'),(1,61,'2016-01-12 06:31:13'),(1,66,'2017-01-25 01:24:48'),(2,23,'1998-07-31 15:52:30'),(2,49,'1987-04-20 17:50:15'),(3,48,'2011-10-24 20:11:21'),(6,39,'2008-01-27 18:20:00'),(6,51,'1986-11-26 22:42:57'),(6,54,'2004-07-15 12:38:18'),(7,22,'2013-10-02 18:01:21'),(7,85,'2020-04-15 05:58:09'),(8,53,'1984-02-20 19:25:29'),(8,95,'1990-04-17 01:49:25'),(9,36,'1986-08-13 04:47:34'),(9,52,'2004-04-22 18:33:46'),(10,36,'2012-10-04 06:22:47'),(11,21,'1978-06-28 19:48:31'),(11,80,'2013-08-26 23:49:35'),(12,9,'1977-07-02 23:51:23'),(12,51,'2001-01-29 09:27:59'),(12,61,'2006-07-06 13:34:40'),(12,81,'1984-07-05 14:52:12'),(12,97,'1980-09-05 07:49:54'),(12,98,'2011-06-05 20:39:21'),(13,1,'2000-08-26 14:05:29'),(13,34,'2000-11-29 11:10:06'),(14,71,'1991-08-31 13:46:37'),(14,72,'1989-07-20 16:48:10'),(14,87,'2012-06-10 09:36:50'),(14,94,'2002-10-19 22:52:38'),(15,62,'2017-10-16 16:45:00'),(17,36,'1997-02-28 15:15:00'),(18,9,'2013-11-22 16:30:12'),(18,92,'2016-07-29 21:08:59'),(18,96,'1975-03-06 21:57:56'),(19,53,'1970-12-06 04:02:34'),(19,67,'1994-02-18 04:16:36'),(20,76,'1976-01-06 17:54:51'),(21,47,'2005-11-20 14:04:10'),(21,98,'1973-06-04 00:08:48'),(23,19,'1995-11-13 04:44:32'),(23,25,'2017-02-14 00:57:32'),(24,7,'2012-12-16 03:07:03'),(24,25,'1976-03-02 09:57:39'),(25,22,'1981-06-11 12:32:30'),(27,55,'1987-01-13 12:00:56'),(27,84,'1993-10-21 00:35:19'),(28,19,'2002-07-18 00:17:31'),(28,49,'2014-01-26 07:43:04'),(29,18,'2019-01-06 11:57:06'),(29,39,'1992-11-16 08:07:56'),(29,50,'2016-08-31 20:59:45'),(29,85,'1979-06-10 10:19:23'),(30,44,'2008-04-14 16:36:35'),(31,6,'1987-11-06 16:43:41'),(31,37,'1978-02-27 09:13:44'),(33,24,'2005-05-15 01:31:17'),(33,51,'1970-03-02 11:42:23'),(33,52,'1976-07-06 11:36:57'),(33,82,'2007-08-29 00:47:24'),(34,72,'2010-06-01 07:33:35'),(34,74,'1989-01-28 11:02:35'),(34,84,'1992-01-22 03:32:23'),(35,36,'2004-08-26 03:33:56'),(35,50,'1996-11-28 13:06:36'),(35,65,'1989-01-02 11:06:17'),(35,95,'1988-10-06 11:54:10'),(36,26,'2017-01-28 00:55:54'),(36,56,'1995-04-14 00:33:51'),(38,34,'1993-02-10 17:10:35'),(39,57,'2009-06-29 22:08:27'),(39,99,'2018-07-18 06:31:26'),(40,23,'2016-05-01 12:08:05'),(40,78,'1979-10-16 02:15:05'),(40,81,'2020-06-17 22:47:13'),(41,18,'1995-08-27 16:57:20'),(41,62,'2020-09-19 07:54:46'),(42,5,'1971-06-18 07:19:00'),(42,71,'1980-11-14 18:44:58'),(42,97,'1995-10-11 17:22:53'),(43,54,'1990-08-03 15:28:08'),(43,57,'1998-05-02 20:46:21'),(44,79,'2015-01-05 14:58:56'),(44,88,'2010-03-03 00:46:09'),(45,3,'1986-01-22 07:36:28'),(45,46,'1989-06-24 11:14:15'),(45,50,'2001-12-17 14:44:23'),(46,95,'1978-07-26 10:15:15'),(47,13,'1995-03-08 01:59:55'),(47,22,'1990-01-28 07:29:41'),(47,53,'1999-06-17 03:28:08'),(47,70,'2014-12-01 11:25:38'),(48,59,'2012-09-29 15:06:03'),(49,21,'2021-06-17 02:46:35'),(49,35,'2001-09-10 06:20:58'),(49,67,'2011-03-10 21:34:12'),(50,9,'1974-10-26 22:08:40'),(50,55,'2009-12-22 01:28:17');
/*!40000 ALTER TABLE `communities_users` ENABLE KEYS */;
UNLOCK TABLES;

--
-- Table structure for table `friend_requests`
--

DROP TABLE IF EXISTS `friend_requests`;
/*!40101 SET @saved_cs_client     = @@character_set_client */;
/*!50503 SET character_set_client = utf8mb4 */;
CREATE TABLE `friend_requests` (
  `from_user_id` bigint unsigned NOT NULL,
  `to_user_id` bigint unsigned NOT NULL,
  `accepted` tinyint(1) DEFAULT '0',
  PRIMARY KEY (`from_user_id`,`to_user_id`),
  KEY `friend_requests_from_user_id_idx` (`from_user_id`),
  KEY `friend_requests_to_user_id_idx` (`to_user_id`),
  CONSTRAINT `fk_friend_requests_from_user_id` FOREIGN KEY (`from_user_id`) REFERENCES `users` (`id`),
  CONSTRAINT `fk_friend_requests_to_user_id` FOREIGN KEY (`to_user_id`) REFERENCES `users` (`id`)
) ENGINE=InnoDB DEFAULT CHARSET=utf8mb4 COLLATE=utf8mb4_0900_ai_ci;
/*!40101 SET character_set_client = @saved_cs_client */;

--
-- Dumping data for table `friend_requests`
--

LOCK TABLES `friend_requests` WRITE;
/*!40000 ALTER TABLE `friend_requests` DISABLE KEYS */;
INSERT INTO `friend_requests` VALUES (3,46,0),(4,30,0),(4,54,0),(7,7,0),(7,31,0),(7,59,0),(8,93,0),(8,100,0),(10,30,0),(11,50,0),(12,24,0),(12,94,0),(13,29,0),(13,46,0),(15,95,0),(16,91,0),(20,62,0),(21,58,0),(23,14,0),(23,39,0),(24,76,0),(25,34,0),(25,38,0),(25,50,0),(26,31,0),(26,44,0),(26,85,0),(27,51,0),(28,7,0),(28,40,0),(30,2,0),(30,79,0),(31,44,0),(31,56,0),(32,7,0),(32,24,0),(34,33,0),(35,40,0),(37,34,0),(38,54,0),(39,21,0),(40,64,0),(41,80,0),(42,75,0),(45,67,0),(45,85,0),(46,39,0),(46,75,0),(47,65,0),(48,50,0),(51,67,0),(51,95,0),(53,31,0),(54,25,0),(55,77,0),(56,36,0),(56,92,0),(57,91,0),(58,22,0),(59,35,0),(59,80,0),(61,28,0),(61,93,0),(63,1,0),(64,45,0),(64,79,0),(64,94,0),(65,46,0),(65,49,0),(65,99,0),(67,28,0),(69,71,0),(69,76,0),(69,82,0),(70,52,0),(70,80,0),(71,52,0),(73,10,0),(74,2,0),(75,30,0),(76,20,0),(76,41,0),(77,71,0),(79,60,0),(79,97,0),(81,83,0),(83,35,0),(84,28,0),(89,34,0),(90,92,0),(92,78,0),(94,74,0),(94,87,0),(96,17,0),(96,59,0),(96,73,0),(96,80,0),(96,93,0),(97,85,0),(100,62,0);
/*!40000 ALTER TABLE `friend_requests` ENABLE KEYS */;
UNLOCK TABLES;

--
-- Table structure for table `media`
--

DROP TABLE IF EXISTS `media`;
/*!40101 SET @saved_cs_client     = @@character_set_client */;
/*!50503 SET character_set_client = utf8mb4 */;
CREATE TABLE `media` (
  `id` bigint unsigned NOT NULL AUTO_INCREMENT,
  `user_id` bigint unsigned NOT NULL,
  `media_types_id` int unsigned NOT NULL,
  `file_name` varchar(255) DEFAULT NULL COMMENT '/files/folder/img.png',
  `file_size` bigint unsigned DEFAULT NULL,
  `created_at` datetime NOT NULL DEFAULT CURRENT_TIMESTAMP,
  PRIMARY KEY (`id`),
  UNIQUE KEY `id` (`id`),
  KEY `media_types_id` (`media_types_id`),
  KEY `user_id` (`user_id`),
  CONSTRAINT `media_ibfk_1` FOREIGN KEY (`media_types_id`) REFERENCES `media_types` (`id`),
  CONSTRAINT `media_ibfk_2` FOREIGN KEY (`user_id`) REFERENCES `users` (`id`)
) ENGINE=InnoDB AUTO_INCREMENT=101 DEFAULT CHARSET=utf8mb4 COLLATE=utf8mb4_0900_ai_ci;
/*!40101 SET character_set_client = @saved_cs_client */;

--
-- Dumping data for table `media`
--

LOCK TABLES `media` WRITE;
/*!40000 ALTER TABLE `media` DISABLE KEYS */;
INSERT INTO `media` VALUES (1,63,2,'dolor',0,'2016-05-27 00:31:24'),(2,73,3,'saepe',9721,'1993-09-04 04:28:45'),(3,35,2,'necessitatibus',0,'1980-07-24 00:02:29'),(4,25,4,'ut',637828777,'1986-09-23 23:23:56'),(5,88,1,'dolorem',623080,'1971-03-27 02:15:34'),(6,20,1,'nihil',12599,'2005-05-29 19:39:18'),(7,39,4,'optio',841,'2016-08-03 09:03:42'),(8,78,4,'magnam',480950965,'2003-08-20 21:49:57'),(9,72,3,'voluptas',54446962,'1982-07-28 23:30:27'),(10,89,4,'consequuntur',25892931,'2013-12-30 04:04:25'),(11,83,1,'temporibus',617218,'2003-04-13 14:50:18'),(12,80,1,'consequuntur',2565721,'1980-01-22 02:35:43'),(13,65,3,'quo',656307,'2020-07-27 04:29:36'),(14,17,3,'alias',130846592,'1970-03-11 02:16:40'),(15,79,4,'sint',7788,'1995-08-20 02:36:59'),(16,45,2,'ut',92803519,'2014-08-31 02:51:10'),(17,28,1,'cum',67196,'1973-06-27 22:45:40'),(18,93,3,'quo',41714,'1977-09-20 07:20:18'),(19,63,1,'quisquam',67,'1988-10-09 14:23:46'),(20,39,2,'iste',7489,'2015-03-21 07:15:17'),(21,31,3,'ab',0,'1971-04-30 15:31:45'),(22,72,3,'inventore',0,'2017-05-20 05:20:07'),(23,43,2,'nesciunt',55,'1991-07-23 20:36:59'),(24,63,1,'nihil',3569,'2000-02-20 02:12:34'),(25,17,3,'a',6,'1997-02-03 04:12:00'),(26,13,4,'suscipit',53,'1978-11-26 00:41:01'),(27,59,4,'dicta',0,'1974-05-23 22:41:50'),(28,23,1,'qui',86886295,'1970-07-11 15:49:35'),(29,60,2,'rerum',397,'2001-09-27 10:40:59'),(30,81,2,'quidem',0,'1992-12-17 13:38:14'),(31,20,1,'natus',52845523,'2011-03-03 03:37:37'),(32,79,2,'consequatur',508678913,'2010-10-22 07:52:11'),(33,41,3,'qui',36857748,'1972-12-12 06:48:18'),(34,11,1,'minima',25,'2008-10-14 16:04:51'),(35,89,2,'consequatur',7,'2004-10-27 16:53:12'),(36,53,1,'repellat',3,'2009-10-14 04:05:02'),(37,8,1,'exercitationem',431425924,'1982-02-05 17:41:04'),(38,89,3,'sit',0,'1998-03-11 04:01:42'),(39,74,3,'cumque',468493,'1973-05-19 18:57:27'),(40,65,4,'dolore',5221,'2005-04-10 04:10:40'),(41,2,4,'at',4747790,'1999-06-15 04:40:43'),(42,89,3,'illo',87319,'1977-06-26 09:21:44'),(43,70,1,'laboriosam',286074,'2000-06-11 08:03:58'),(44,83,2,'aut',142903359,'2015-09-26 13:48:02'),(45,51,3,'autem',0,'2015-09-26 18:40:33'),(46,67,3,'et',899361,'1993-08-29 13:18:25'),(47,87,2,'impedit',6,'1989-09-17 15:47:43'),(48,19,2,'quis',502687,'2018-05-21 00:44:56'),(49,17,2,'occaecati',111,'2019-11-14 20:19:23'),(50,31,1,'eos',232273,'1990-05-08 03:28:43'),(51,79,4,'error',198721,'1976-04-22 03:36:56'),(52,25,4,'tempora',364,'1983-07-22 05:34:06'),(53,7,1,'debitis',94196,'2019-12-18 08:20:06'),(54,37,4,'possimus',0,'1979-07-09 09:29:33'),(55,63,1,'voluptatem',45363,'1997-08-02 21:10:07'),(56,70,3,'odio',38038,'1978-10-25 07:56:50'),(57,79,3,'dolor',0,'2019-04-06 22:19:51'),(58,25,2,'eum',0,'2017-11-20 22:12:49'),(59,70,1,'ipsam',5216427,'2017-06-27 09:32:26'),(60,77,1,'repellendus',3736309,'1999-07-22 00:11:26'),(61,69,2,'qui',9559087,'1972-02-23 15:44:52'),(62,91,3,'aliquid',732715038,'1977-08-13 14:10:38'),(63,88,1,'cupiditate',8318652,'2015-11-14 07:15:15'),(64,83,1,'molestiae',4588,'2011-06-04 01:37:06'),(65,38,1,'inventore',97,'2019-06-18 10:38:12'),(66,10,1,'deleniti',4,'1996-04-08 19:18:01'),(67,96,2,'et',40735754,'1995-09-26 02:06:32'),(68,2,1,'iste',8,'1992-03-31 07:29:20'),(69,47,2,'aut',67,'1974-06-16 21:59:42'),(70,82,1,'qui',3941902,'2019-06-24 11:57:51'),(71,40,3,'sed',4682,'1994-03-23 23:00:01'),(72,75,1,'est',0,'2013-04-29 09:22:15'),(73,10,4,'architecto',50085,'1984-08-10 23:03:41'),(74,66,4,'dolorum',488320064,'1985-01-09 20:07:22'),(75,5,2,'recusandae',862,'2003-04-03 03:29:21'),(76,99,3,'illo',95903,'2017-08-03 02:44:58'),(77,85,4,'provident',140548259,'1994-07-13 04:55:37'),(78,28,3,'sit',24205,'1996-02-08 19:53:33'),(79,99,1,'vitae',6205470,'2001-10-06 19:37:46'),(80,78,2,'repudiandae',697,'2001-06-13 12:11:06'),(81,23,4,'repellat',353048,'1981-06-27 08:47:23'),(82,53,1,'atque',0,'2007-03-18 12:33:51'),(83,22,3,'nulla',487364,'2012-10-20 05:41:27'),(84,20,3,'occaecati',7311,'2003-04-06 06:45:52'),(85,93,1,'ipsam',29027165,'1998-02-26 10:27:57'),(86,79,2,'libero',36231,'1997-03-29 03:13:56'),(87,52,3,'beatae',608,'1972-01-08 10:56:09'),(88,49,3,'velit',8,'1970-06-15 22:26:27'),(89,52,1,'amet',120905,'1972-11-20 16:51:25'),(90,40,3,'aliquam',5,'1977-09-03 19:21:48'),(91,57,2,'quidem',948602,'2010-04-26 13:30:06'),(92,29,2,'quis',656,'1979-07-29 23:30:25'),(93,28,3,'debitis',14693,'1981-07-01 21:31:48'),(94,15,2,'ut',77,'1971-10-02 10:04:39'),(95,67,4,'nisi',6097,'1984-10-12 15:30:59'),(96,63,4,'quia',42,'2006-05-23 23:44:08'),(97,80,1,'quia',1799463,'1982-09-17 05:51:15'),(98,8,1,'dolorum',0,'1996-06-18 20:10:03'),(99,70,2,'ipsam',7846,'1971-07-13 22:56:06'),(100,70,3,'atque',56099969,'2021-05-14 15:28:10');
/*!40000 ALTER TABLE `media` ENABLE KEYS */;
UNLOCK TABLES;

--
-- Table structure for table `media_types`
--

DROP TABLE IF EXISTS `media_types`;
/*!40101 SET @saved_cs_client     = @@character_set_client */;
/*!50503 SET character_set_client = utf8mb4 */;
CREATE TABLE `media_types` (
  `id` int unsigned NOT NULL AUTO_INCREMENT,
  `name` varchar(50) NOT NULL,
  PRIMARY KEY (`id`),
  UNIQUE KEY `name` (`name`)
) ENGINE=InnoDB AUTO_INCREMENT=5 DEFAULT CHARSET=utf8mb4 COLLATE=utf8mb4_0900_ai_ci;
/*!40101 SET character_set_client = @saved_cs_client */;

--
-- Dumping data for table `media_types`
--

LOCK TABLES `media_types` WRITE;
/*!40000 ALTER TABLE `media_types` DISABLE KEYS */;
INSERT INTO `media_types` VALUES (3,'ipsa'),(4,'numquam'),(1,'quo'),(2,'totam');
/*!40000 ALTER TABLE `media_types` ENABLE KEYS */;
UNLOCK TABLES;

--
-- Table structure for table `messages`
--

DROP TABLE IF EXISTS `messages`;
/*!40101 SET @saved_cs_client     = @@character_set_client */;
/*!50503 SET character_set_client = utf8mb4 */;
CREATE TABLE `messages` (
  `id` bigint unsigned NOT NULL AUTO_INCREMENT,
  `from_user_id` bigint unsigned NOT NULL,
  `to_user_id` bigint unsigned NOT NULL,
  `txt` text NOT NULL,
  `is_delivered` tinyint(1) DEFAULT '0',
  `created_at` datetime NOT NULL DEFAULT CURRENT_TIMESTAMP,
  `updated_at` datetime DEFAULT CURRENT_TIMESTAMP ON UPDATE CURRENT_TIMESTAMP COMMENT 'Время обновления строки',
  PRIMARY KEY (`id`),
  UNIQUE KEY `id` (`id`),
  KEY `messages_from_user_id_idx` (`from_user_id`),
  KEY `messages_to_user_id_idx` (`to_user_id`),
  CONSTRAINT `fk_messages_from_user_id` FOREIGN KEY (`from_user_id`) REFERENCES `users` (`id`),
  CONSTRAINT `fk_messages_to_user_id` FOREIGN KEY (`to_user_id`) REFERENCES `users` (`id`)
) ENGINE=InnoDB AUTO_INCREMENT=101 DEFAULT CHARSET=utf8mb4 COLLATE=utf8mb4_0900_ai_ci;
/*!40101 SET character_set_client = @saved_cs_client */;

--
-- Dumping data for table `messages`
--

LOCK TABLES `messages` WRITE;
/*!40000 ALTER TABLE `messages` DISABLE KEYS */;
INSERT INTO `messages` VALUES (1,95,65,'Doloremque sunt ab vel praesentium porro laudantium. Ut nulla et iusto et excepturi vel sit consequatur. Qui earum totam voluptates quis molestiae fuga ea. Et provident aut natus tenetur.',0,'1978-01-18 08:18:18','2005-09-02 10:51:09'),(2,53,6,'Omnis quibusdam quis illo adipisci commodi dicta autem. Distinctio laudantium necessitatibus aut quo et ut. Ullam eum explicabo quidem delectus molestiae pariatur.',1,'1980-04-26 18:17:21','1991-07-14 04:43:52'),(3,18,76,'Dolor repudiandae recusandae vel facere velit sunt odio. Commodi doloribus debitis neque fugit et necessitatibus.',1,'1975-06-25 16:52:07','2017-06-23 23:38:55'),(4,89,18,'Error esse odit rerum expedita sit tempora. Omnis optio distinctio doloremque nulla eum inventore consectetur minus.',0,'2003-06-24 09:27:34','1997-10-27 04:13:15'),(5,30,36,'Et voluptas quo dolor. Suscipit qui inventore magnam similique quidem sunt fuga. Ducimus voluptate labore reprehenderit aspernatur enim.',0,'1982-01-18 18:34:01','2019-02-28 17:36:41'),(6,1,64,'Reiciendis et nemo vitae illum impedit tempora. Repellendus fugit quaerat corporis quaerat veritatis. Unde sint qui hic velit ad dicta placeat.',1,'1996-07-28 01:18:57','2007-03-10 01:24:45'),(7,34,1,'Amet quia sit quia expedita dignissimos sit vel. Possimus beatae nesciunt voluptas vitae qui non. Ea quos vel dolor cupiditate. Laborum consequatur asperiores sed.',0,'1994-02-20 19:53:10','1992-10-21 19:25:25'),(8,92,25,'Omnis reiciendis corporis impedit voluptas mollitia. Eos expedita ea possimus voluptatem similique et. Dolor voluptatum quia nihil est iusto doloribus. Sunt praesentium debitis neque consequuntur ad corporis nesciunt.',0,'1985-06-05 07:02:51','1986-08-08 20:18:29'),(9,29,37,'Sit ea voluptatum distinctio tempora. Voluptatum temporibus aut ratione et. Nobis quo explicabo ut voluptas culpa expedita. A a voluptatem non hic.',0,'1970-01-12 04:57:33','2020-06-28 04:36:50'),(10,98,20,'Magnam rerum dolorem in ea. Ipsa id aut praesentium ut fugit.',1,'1989-05-13 09:31:04','2011-11-15 10:21:29'),(11,45,69,'Rerum qui sunt a quis et. Fugiat voluptates explicabo iste officia exercitationem. Quis saepe non tempora occaecati sit sed.',0,'1987-06-21 08:26:35','1972-06-24 14:56:53'),(12,76,51,'Vel ullam quisquam incidunt ea expedita et. Quam ipsum numquam animi. Sequi nam ducimus repellat ab fugit.',1,'1991-07-21 15:34:02','1988-11-22 11:42:38'),(13,79,92,'Quis aut et voluptatem nobis adipisci at saepe aut. Cumque quos distinctio quos quod. Inventore et ab quo odit. Ut accusantium nulla mollitia necessitatibus praesentium.',0,'2015-06-15 14:02:10','2015-11-13 06:33:13'),(14,35,78,'Delectus qui nam recusandae voluptatibus. Magni dicta eum molestiae explicabo debitis qui. Delectus repellat ipsum quo impedit velit libero maxime.',1,'1983-09-13 17:23:35','1978-09-15 22:27:30'),(15,34,99,'Possimus quia pariatur quo id explicabo. Rerum ut quo tempore hic tempore. Dolorem fugit repellat quia assumenda. Id natus neque voluptates non est repellendus.',1,'2003-07-12 20:57:49','1989-07-12 00:15:59'),(16,14,29,'Adipisci reiciendis perferendis amet. Libero cum a eum aut architecto numquam consequatur magni. Ea excepturi et expedita saepe ut. Dolores sapiente quae qui voluptas quidem.',1,'1981-03-22 06:07:45','2012-03-28 11:51:51'),(17,63,67,'Quia est sequi consequatur id dolorem deleniti. In ratione qui rerum occaecati aut. Ratione accusamus tempora nihil laudantium ea non.',0,'1974-04-13 10:24:56','1972-03-13 09:25:08'),(18,35,80,'Ut assumenda ducimus in natus. Enim non voluptatem id autem ducimus. Velit natus quibusdam sed itaque. Voluptatem laudantium commodi consequatur sit itaque.',1,'1975-03-30 19:08:33','2012-04-03 05:25:32'),(19,42,24,'Aut sed impedit fugit. Fuga ipsum nam veritatis autem nemo. Ut impedit dignissimos accusantium sit animi aspernatur. Doloribus ipsa nulla repellendus voluptatem vero impedit.',1,'1997-07-19 14:24:50','1996-10-29 01:40:38'),(20,98,72,'Perferendis at aperiam est dolore deserunt numquam. Veritatis optio qui dolore fuga qui dolores. Quidem suscipit porro nobis. Laudantium fugiat neque ea ea enim nihil.',0,'1973-09-04 19:12:13','1995-02-17 22:47:34'),(21,59,98,'Aut voluptatem ut non consequatur omnis dolorum rerum quia. Quod sed dicta aut. Optio accusantium laborum in non minima laudantium aperiam. At illo necessitatibus veritatis fugit et libero eius et.',1,'1988-04-19 13:15:11','1987-01-02 13:58:18'),(22,35,92,'Autem optio eligendi laboriosam ratione earum. Fuga doloremque asperiores aperiam et natus. Ullam quis nobis totam totam. Est labore saepe id voluptate perspiciatis et.',0,'2010-03-03 22:31:42','2006-08-23 20:44:38'),(23,99,26,'Quia similique et non ipsa dolores est inventore voluptatum. In earum aut eveniet ex. Non architecto illum alias explicabo et consequatur rerum.',1,'1993-04-03 05:49:36','1992-07-17 05:17:10'),(24,17,28,'Quia qui consequuntur iusto accusantium magnam voluptatem. Necessitatibus illo exercitationem aut doloribus cupiditate eos dolorum rerum. Aliquid voluptates delectus ipsam voluptatibus labore.',0,'2017-01-10 17:23:39','1976-08-17 03:32:33'),(25,63,14,'Et optio optio in at commodi. Aut quidem saepe blanditiis consequuntur. Fugiat quia alias quas id.',0,'2008-12-19 14:15:56','1979-10-28 10:29:22'),(26,47,8,'Et aliquam qui praesentium quidem laborum assumenda cupiditate. Adipisci voluptas ullam quo rerum id ipsa aperiam. Nobis aliquam libero est quis eum sed similique. Vitae consequatur aut error beatae ea officia neque.',0,'2003-11-04 05:24:47','1976-01-20 23:20:21'),(27,83,22,'Recusandae debitis aut eligendi. Consequatur omnis perspiciatis libero id. Consequatur quia doloremque debitis odit molestiae ex. Fuga reiciendis quia exercitationem cupiditate aut perspiciatis totam soluta.',1,'1987-06-19 16:18:57','2006-05-17 00:48:48'),(28,59,62,'Molestias beatae voluptate non et asperiores. Aliquid et et tempora optio est delectus. Omnis non voluptatem aut dolores tempore sint laborum.',0,'2000-04-13 04:47:21','2021-03-01 05:09:57'),(29,14,94,'Maiores possimus quidem incidunt voluptas possimus. Est qui accusamus sequi repudiandae et officia at. Ipsam eius cupiditate sed delectus.',0,'1995-03-09 20:54:35','2012-11-19 09:52:37'),(30,40,48,'Dolores explicabo in esse velit sapiente inventore autem labore. Iste dolor itaque cumque in ea consequatur. Laudantium quaerat beatae suscipit a aut repudiandae. Accusantium vitae fugit ea consequatur nesciunt omnis.',0,'1997-08-07 06:04:28','2007-06-19 18:44:08'),(31,92,54,'Quos quo aliquid expedita rem qui. Qui nihil voluptatibus ipsa maxime autem animi totam. Voluptatem iure at officiis. Ad est in porro.',1,'2008-11-22 16:56:17','1975-05-27 14:23:36'),(32,76,55,'Consequatur sunt et consectetur non omnis et earum. Magnam voluptatum voluptatem ex est. Quos libero animi ut alias autem quis accusantium. Blanditiis consectetur dolorem ut eligendi est.',0,'2018-09-12 06:12:23','1991-02-24 11:30:56'),(33,20,11,'Amet voluptas eos dolorem ducimus occaecati qui. Odit aliquid autem inventore nulla ipsam commodi.',1,'1970-11-21 14:47:18','1980-06-19 11:29:41'),(34,35,62,'Et vero hic consectetur occaecati rerum. Et fuga recusandae recusandae.',0,'1991-03-14 21:50:28','1986-11-14 06:47:59'),(35,34,33,'Occaecati ab corrupti quidem iusto aliquam. Dolor veniam nemo voluptas aliquam earum nobis cum. Tempora qui architecto rerum laboriosam ea temporibus rerum. Blanditiis reprehenderit veritatis labore mollitia.',1,'1998-07-31 04:04:20','1988-09-28 01:43:28'),(36,34,93,'Ea qui veritatis dicta fugit voluptatem iste illo ipsam. Libero quae est et autem expedita magni. Quis ullam dignissimos et maxime dolores.',0,'1973-04-05 11:14:44','2013-06-04 20:31:05'),(37,31,68,'Molestiae inventore rerum expedita alias. Ut dignissimos non maiores ratione sed et iure. Adipisci qui quia dolorum ex.',0,'1974-09-03 19:47:34','1978-06-16 16:13:58'),(38,84,29,'Sunt autem itaque blanditiis expedita tenetur tempore explicabo quia. Consequuntur est qui neque laudantium qui. Repudiandae a deserunt autem quidem qui. Accusamus placeat harum non quibusdam.',0,'2021-03-05 20:09:31','1982-04-02 01:35:10'),(39,94,1,'Fugiat ullam blanditiis voluptates omnis voluptatem. In amet quam soluta corrupti. Iste corrupti beatae enim assumenda tempora omnis nesciunt dolorem. Explicabo laborum doloribus aut iusto quaerat modi delectus quis.',0,'1971-07-26 17:53:51','1973-09-02 00:28:58'),(40,56,57,'Et ex aut praesentium nihil deserunt libero. Nostrum laudantium tenetur dolore possimus quia ut numquam. Modi perferendis culpa omnis est commodi velit blanditiis. Ipsam consequatur modi inventore ut voluptate laudantium.',0,'2003-07-11 20:12:52','1985-03-29 22:03:46'),(41,15,2,'Nihil nisi id iste quos. Expedita veniam voluptates eius omnis exercitationem quos. Magni quis dolor omnis architecto. Deleniti autem sunt consequuntur voluptas voluptas asperiores.',0,'1997-01-18 11:32:08','1975-01-08 13:57:14'),(42,65,97,'Est asperiores magnam possimus dolorum dolor qui totam. Consequuntur vero quia quo odit ea. Harum nulla qui id et iure.',1,'1984-01-12 02:16:54','2014-05-25 08:02:00'),(43,24,24,'Ut aut voluptate eaque vero et consequatur. Quidem alias qui temporibus doloribus quia nobis. Sunt quibusdam in molestias ipsam at quo. In pariatur voluptatem repudiandae placeat sint perferendis nesciunt. Cupiditate animi nihil doloribus quam.',1,'1989-03-31 12:05:16','2001-03-29 06:20:27'),(44,59,37,'Repellendus officiis in alias ut quia. Minus ut qui voluptas. At cum natus molestiae sint. Deserunt et ea non sunt ut est officiis.',1,'2004-07-17 18:18:20','2020-06-14 06:00:05'),(45,17,98,'Aut quia rerum omnis eos excepturi quo. Odit voluptatibus qui recusandae cumque et aut. Ipsam vel commodi exercitationem suscipit et. Reprehenderit itaque illum qui omnis.',1,'2013-10-25 10:35:22','1998-10-23 20:49:31'),(46,84,9,'Praesentium harum ut delectus rerum qui aut numquam. Amet ut ut quisquam ratione. Reprehenderit nemo quae repudiandae eum et est dignissimos.',1,'2016-04-27 19:39:43','2016-05-01 13:53:31'),(47,52,60,'Molestiae sunt ipsum quia perferendis minima ipsa cum. Et et natus nulla. Accusantium ipsa dolorum temporibus alias aut. Deserunt voluptatibus quod voluptates vitae delectus est.',1,'2001-05-29 11:06:13','1983-09-05 11:55:22'),(48,64,71,'Dignissimos molestiae doloremque tempora occaecati harum ipsa expedita. Laudantium similique aut et hic. Reprehenderit architecto qui maxime. Repellendus voluptas iure est eum ut.',0,'2016-04-14 13:26:01','1993-06-13 16:05:45'),(49,71,98,'Sed molestiae similique cupiditate commodi eum quia. Esse consequatur est et ratione voluptatem quas nemo. Quos quos exercitationem nulla. In eaque quod voluptatem earum quia fuga voluptatum. Ut repellendus quisquam totam totam.',1,'1979-08-23 12:42:30','2017-05-03 17:37:01'),(50,33,4,'Nisi ipsum quidem sed veritatis maxime velit voluptatibus explicabo. Est asperiores dolorem nihil a neque. Ullam aut modi excepturi sunt.',0,'2016-04-09 20:06:11','1977-02-01 20:57:11'),(51,31,66,'Minus assumenda ut qui id natus. Earum mollitia corrupti enim quis non consectetur quis suscipit. Impedit quae quia et et et. Earum corrupti et et quibusdam natus id non. Laudantium tempore eos aut temporibus delectus qui.',1,'1996-10-09 04:36:54','1976-02-22 09:36:41'),(52,96,61,'Cumque aut quas ducimus nostrum voluptatem culpa nesciunt. Temporibus possimus ut iure occaecati sint consequuntur eos.',0,'1977-09-24 10:56:34','1991-09-18 13:48:41'),(53,34,80,'Sunt et ab et saepe mollitia explicabo voluptatum. Id ratione ad enim sit maiores. Qui quis harum iusto ab et suscipit earum.',0,'2013-07-22 17:12:22','2004-01-10 05:49:29'),(54,90,28,'Harum eum qui omnis nihil. Est id laudantium magnam perferendis nulla consequatur ullam sint.',1,'1996-11-26 02:41:32','2016-07-28 22:11:30'),(55,81,46,'Quia velit quod exercitationem quis. Vel delectus nihil exercitationem magnam est aut. Quis est alias quia molestiae qui in modi odit.',1,'2003-04-01 07:56:47','1973-11-04 14:08:49'),(56,84,95,'Ea ut velit et odit iste. Perspiciatis enim consequuntur maxime fuga modi sit repudiandae magnam. Enim est quis corporis. Nisi dolores est consequatur tenetur maiores nostrum neque.',1,'1994-08-25 01:06:59','1980-05-11 20:04:37'),(57,47,49,'Consequatur et ipsum aut veniam aut consequatur aut. Rem omnis et porro architecto.',0,'1976-02-08 00:47:51','1989-11-02 03:52:36'),(58,91,71,'Et quia placeat velit nulla ipsum dolorem. Odit doloremque voluptate magni molestiae cupiditate. Sint accusamus adipisci quidem hic doloribus quia voluptates. Et voluptate unde ea facilis dolor nemo perferendis excepturi.',0,'1992-08-09 20:43:53','1979-07-07 03:57:18'),(59,72,50,'Fugiat expedita aut tempora quo ratione. Et rerum consequuntur voluptates dolores incidunt optio consequatur. Officiis pariatur ad illum nihil nesciunt nemo molestiae.',1,'2004-09-11 14:35:19','1989-11-24 01:51:12'),(60,8,89,'Ea pariatur consequuntur corrupti voluptas. Aut iusto quia voluptatibus cum nemo dolor ut. Quis possimus aut in dolorum debitis harum numquam.',1,'1983-02-02 20:36:54','1985-03-30 20:44:39'),(61,48,92,'Et veritatis ratione placeat similique. Amet doloremque est nobis qui neque nihil totam. Laudantium architecto illo necessitatibus quis illum.',1,'1978-10-04 17:02:44','1987-04-04 21:23:49'),(62,97,99,'Unde voluptatibus inventore in in quia quo. Tenetur qui nihil ut velit laboriosam. Autem qui voluptatem libero repellendus ex. Nostrum sint non eos officiis ex laborum rem.',0,'1985-05-11 03:02:34','1996-05-23 09:25:19'),(63,52,60,'Similique et explicabo eum autem. Id debitis ut voluptatem eveniet eos ut vitae.',0,'1986-11-29 01:48:05','1996-11-10 21:36:16'),(64,70,22,'Sapiente recusandae dolorem officia est aut non. Id et quidem atque ut eos delectus vitae. Eius consequatur velit eum quos quod exercitationem ea. Qui repudiandae nulla consectetur aperiam et repellendus.',0,'2001-11-16 21:53:35','1978-01-25 07:28:19'),(65,58,2,'Ea et est et laboriosam animi magnam. Eligendi consequuntur ut at aperiam omnis. Saepe nihil porro magni illo et provident.',0,'1993-10-19 18:42:55','2014-02-07 09:32:34'),(66,26,88,'Deleniti consectetur est voluptas. Quam alias corporis illo quia autem soluta non. Autem omnis eaque id voluptas error libero illo.',0,'1995-09-25 06:23:05','1995-03-01 03:25:54'),(67,67,22,'Accusantium ut perspiciatis odio delectus vitae fugit id. Voluptatem dolore aut eius dolores quam sed. Cupiditate repellat ratione optio sit tempore praesentium. Suscipit fugit natus quaerat in dolores at nihil saepe. Non tempora dignissimos hic ea sed.',0,'2013-09-26 08:39:16','2019-07-07 05:42:02'),(68,49,1,'Voluptas fuga velit sint quibusdam repellat dolores. Suscipit ut velit quia illo. Voluptas ea explicabo ut iste optio omnis libero nihil. Cupiditate excepturi officiis sed qui voluptatibus.',1,'1997-03-31 13:28:10','1993-06-17 06:51:05'),(69,2,38,'Qui repudiandae quam qui. Facere quos repellendus consectetur sit sunt. Et asperiores dignissimos mollitia voluptas perspiciatis libero.',1,'1996-01-02 01:57:15','1980-02-24 14:35:55'),(70,28,82,'Voluptate placeat molestiae sequi quas. Aut velit iusto quam possimus quas doloribus architecto. Eum et omnis illo vitae quis quo.',0,'2003-08-24 07:00:27','1995-11-24 16:03:08'),(71,83,12,'Dolorem quo aspernatur dignissimos facere at quod error. Iusto voluptas dicta autem voluptatem animi. Omnis temporibus voluptas numquam sit natus. Quia quam sit consequatur debitis.',0,'2017-03-17 01:39:14','2008-02-03 05:27:56'),(72,76,30,'Aperiam ratione pariatur veritatis vero et ut. Minima veniam delectus sunt odio. Ut deserunt enim deleniti molestiae.',0,'1996-04-15 16:56:57','1985-01-14 07:30:02'),(73,60,67,'Totam aperiam voluptatem fugit rerum incidunt. Voluptas et qui voluptatem velit quaerat dolorem. Mollitia natus aut autem nisi commodi.',1,'2001-02-27 13:56:17','2017-11-28 07:25:41'),(74,1,32,'Harum aut occaecati ducimus ut et perferendis impedit voluptatem. Repellat et voluptates dolore aspernatur est quia. Nisi omnis omnis consectetur iusto aperiam. Nihil enim voluptatem sit atque quibusdam.',1,'1991-12-31 22:30:08','1991-01-15 16:45:36'),(75,16,8,'Et velit consequuntur minus voluptatibus quis incidunt debitis. Amet rerum consequatur dignissimos quas. Voluptatibus ipsam sunt qui tenetur voluptatem ipsa accusantium.',1,'1999-08-03 00:17:45','2001-06-07 19:37:00'),(76,20,63,'Iusto excepturi ab nostrum sed. Quos et iure laboriosam. Ea nobis excepturi sapiente est velit dolore ducimus.',0,'1997-09-25 15:04:26','1990-03-25 13:59:48'),(77,100,17,'Unde adipisci dolore hic. Et laudantium velit nihil sit enim ipsum saepe. Vel aut ut vero dolores.',1,'1979-03-18 10:44:47','1981-03-19 15:17:08'),(78,61,51,'Iste reiciendis officia aut ratione. Voluptatem temporibus necessitatibus iusto maiores aliquid harum aut non. Placeat sequi aut vitae placeat ex accusantium.',1,'1987-10-08 07:05:26','1976-06-04 04:30:55'),(79,76,30,'Iure quidem vero et minus laudantium et aut. Voluptas voluptatem quisquam temporibus dolore quaerat repellat aliquam. Molestiae vero labore voluptas vel fugit.',0,'1974-12-13 02:51:14','1981-08-21 09:26:00'),(80,73,33,'Voluptas quia unde voluptatum consequatur porro fugit dolor accusamus. Suscipit repellat rerum mollitia ducimus vel tempore. Ab natus architecto eum molestiae qui. Pariatur labore id eum in exercitationem a. Voluptas officia quo architecto delectus et quo aliquid.',0,'1999-08-12 06:10:21','1981-05-08 01:51:06'),(81,32,98,'Dolor qui numquam eius quis voluptatem facilis. Fugiat nihil magnam non id. Id et sit fuga maiores laudantium. Consectetur corrupti aliquam dolor facilis reprehenderit maiores.',0,'2010-09-22 16:46:45','1983-12-23 09:50:51'),(82,21,99,'Repellendus unde qui quibusdam eaque. Nihil velit doloribus quia voluptas vero. Et hic molestias in fugiat in quas dolor.',1,'1972-07-16 20:06:03','2021-06-15 04:15:44'),(83,19,69,'Et non ut vel a cumque laborum. Ex incidunt accusamus deleniti pariatur quibusdam. Vitae est quia sed quidem aspernatur aut. Quo id dicta et rerum vitae.',0,'1982-07-08 06:35:47','2010-04-30 21:49:32'),(84,99,21,'Provident autem ipsa facere accusamus explicabo quisquam. Possimus voluptates libero voluptatum illum qui. Sunt officiis qui odit magnam saepe.',0,'2017-10-30 21:36:53','1988-02-26 13:18:05'),(85,7,26,'Praesentium incidunt culpa aut quas ratione. Aut enim consequatur quia laborum. Aut eius eligendi necessitatibus.',1,'1993-10-04 23:55:16','1994-03-21 15:03:41'),(86,2,89,'Maxime consequatur ab odit in saepe maxime. Eligendi odio dolorum alias deserunt ea velit. Reiciendis voluptatem porro consectetur facilis rerum.',1,'2011-11-14 23:19:50','2003-04-04 20:58:10'),(87,38,77,'Voluptas necessitatibus autem ut eligendi et vel harum. Sunt sint dignissimos est deserunt illum expedita quasi ea.',0,'1995-07-26 03:10:58','2009-12-20 21:18:22'),(88,19,98,'Et nihil numquam harum qui. Omnis reprehenderit quam laudantium assumenda hic qui. Aliquid ipsum iusto sint ea quis officia id.',0,'1997-04-24 09:03:42','1993-12-18 09:38:27'),(89,43,19,'Repellat odit aut natus eius. Eaque odit dignissimos quas earum. Voluptas dolore non laudantium et nam alias voluptas. Rerum corrupti et dolorem voluptatem delectus sapiente a fugit.',0,'2012-01-18 18:33:41','2001-03-06 08:00:27'),(90,29,59,'Cumque adipisci voluptatem at quis. Et qui dignissimos pariatur. Laboriosam dignissimos fugiat dicta.',1,'2021-03-07 15:57:17','1995-09-06 23:12:57'),(91,27,49,'Repellat aspernatur possimus alias laudantium a facilis tempore dolores. Quia harum dolores nihil quisquam. Officia tempora consequatur voluptas ad iusto consequatur impedit excepturi.',0,'1983-04-13 20:20:42','2001-01-27 14:23:55'),(92,21,26,'Eligendi enim aperiam laudantium rerum autem quam explicabo. Eum quae vel at possimus. Non ex voluptate minus sit.',1,'1976-12-08 18:49:51','1977-01-06 03:10:07'),(93,65,82,'Qui doloribus qui vel aut laboriosam est. Quia consectetur asperiores aliquid voluptatem quaerat consequuntur illum. Voluptatibus quo est possimus. Dignissimos amet nulla vero sint dolores et minima. Quidem eius itaque omnis fugiat repudiandae.',0,'1977-09-23 13:28:45','1980-01-23 17:52:15'),(94,76,41,'Illum voluptatem ut voluptas sapiente provident. Nam qui quia maiores est soluta id omnis. Sit nesciunt velit vero nihil porro iste rerum. Dolore sed iure culpa quaerat. Quia et labore laborum adipisci.',0,'1976-11-20 17:33:10','1970-02-07 04:08:47'),(95,12,49,'Quia dolore ad modi cupiditate autem sed iusto dignissimos. Qui nobis voluptatem assumenda consequatur eos nam in.',0,'1974-12-25 02:52:19','2018-05-01 10:14:47'),(96,74,43,'Magni magni eum consequatur autem impedit consequatur. Suscipit vitae iure omnis nulla illo perferendis maxime. Illum rerum reprehenderit aut eveniet.',0,'1977-04-11 18:16:54','1998-04-09 00:01:43'),(97,46,94,'Consequatur vero accusamus laborum quae voluptatem possimus quisquam. Delectus occaecati in aut ducimus culpa voluptas et. Similique eum blanditiis ut laboriosam reprehenderit consequuntur. Corporis autem dolor velit ab reprehenderit aut.',1,'1991-03-11 07:18:53','1992-04-03 22:07:35'),(98,41,65,'Omnis odio sunt consequatur quidem numquam. Commodi et qui et veniam vitae consequuntur voluptates. Voluptatem qui non voluptas ad exercitationem.',1,'1977-12-21 15:47:46','2021-04-25 19:24:21'),(99,63,39,'Dolor quibusdam autem ut. Quis iste enim harum qui pariatur officia. Autem ex fugiat facilis commodi modi.',0,'2002-09-26 01:46:18','2001-12-23 05:39:38'),(100,85,69,'Earum dignissimos aspernatur omnis ex voluptas. Animi soluta quam fuga sed ducimus libero. Veniam nemo magni ea hic quia. Quia facilis aut eius magni facilis. Aut maiores alias aperiam est.',1,'2015-12-08 23:32:32','1970-12-29 12:03:19');
/*!40000 ALTER TABLE `messages` ENABLE KEYS */;
UNLOCK TABLES;

--
-- Table structure for table `posts`
--

DROP TABLE IF EXISTS `posts`;
/*!40101 SET @saved_cs_client     = @@character_set_client */;
/*!50503 SET character_set_client = utf8mb4 */;
CREATE TABLE `posts` (
  `id` bigint unsigned NOT NULL AUTO_INCREMENT,
  `user_id` bigint unsigned NOT NULL,
  `txt` text CHARACTER SET utf8mb4 COLLATE utf8mb4_unicode_ci NOT NULL,
  `created_at` datetime DEFAULT CURRENT_TIMESTAMP,
  `updated_at` datetime DEFAULT NULL ON UPDATE CURRENT_TIMESTAMP,
  PRIMARY KEY (`id`),
  KEY `user_idx` (`user_id`),
  CONSTRAINT `user_posts_fk` FOREIGN KEY (`user_id`) REFERENCES `users` (`id`)
) ENGINE=InnoDB AUTO_INCREMENT=101 DEFAULT CHARSET=utf8mb4 COLLATE=utf8mb4_unicode_ci;
/*!40101 SET character_set_client = @saved_cs_client */;

--
-- Dumping data for table `posts`
--

LOCK TABLES `posts` WRITE;
/*!40000 ALTER TABLE `posts` DISABLE KEYS */;
INSERT INTO `posts` VALUES (1,1,'','1976-10-22 19:27:55','1981-12-11 17:32:42'),(2,2,'','2010-09-29 07:09:50','1993-03-05 14:18:19'),(3,3,'','2007-10-05 05:13:36','1999-12-31 13:45:21'),(4,4,'','1978-09-12 15:27:16','2015-10-31 11:50:04'),(5,5,'','1985-02-18 11:52:52','2015-11-09 12:21:14'),(6,6,'','1990-05-06 08:06:23','2017-01-28 16:58:22'),(7,7,'','1981-11-13 17:08:03','1999-12-19 13:01:16'),(8,8,'','1975-12-06 13:42:20','1970-01-14 05:20:33'),(9,9,'','1976-04-30 03:17:47','1973-12-30 14:01:36'),(10,10,'','1970-08-10 20:28:26','1981-09-28 03:10:28'),(11,11,'','1983-08-10 21:51:10','2018-09-07 23:15:05'),(12,12,'','1981-09-15 16:31:07','1978-05-18 17:07:44'),(13,13,'','2009-03-05 14:44:39','2004-01-13 00:08:27'),(14,14,'','2009-10-11 13:15:25','1978-10-07 11:49:17'),(15,15,'','2012-06-10 13:42:24','2001-02-21 17:49:46'),(16,16,'','2002-04-30 16:12:19','2020-03-08 23:08:54'),(17,17,'','1992-10-09 02:05:31','2001-12-17 09:21:14'),(18,18,'','2016-04-03 10:54:44','2004-06-06 08:24:36'),(19,19,'','2012-10-19 08:47:00','2012-10-31 00:03:43'),(20,20,'','1985-09-15 00:41:59','1974-11-19 13:52:00'),(21,21,'','1998-03-31 15:55:42','1970-04-06 16:41:43'),(22,22,'','1972-06-12 15:29:46','1975-08-10 10:50:38'),(23,23,'','2006-05-24 08:33:16','1988-04-17 23:58:21'),(24,24,'','1997-01-03 11:28:12','2007-08-22 02:03:43'),(25,25,'','2019-09-09 22:52:05','1982-03-21 18:13:10'),(26,26,'','1994-10-28 07:18:10','2010-08-31 14:40:25'),(27,27,'','1977-03-13 19:57:19','1975-01-26 18:33:28'),(28,28,'','2007-06-30 16:51:52','1998-06-13 06:03:48'),(29,29,'','1977-08-21 20:44:07','1996-02-02 04:01:36'),(30,30,'','1983-02-28 08:10:05','2016-01-02 21:47:46'),(31,31,'','1972-05-11 18:26:14','1999-08-03 01:14:50'),(32,32,'','1975-07-05 05:06:14','1974-10-12 16:38:49'),(33,33,'','1988-03-17 06:33:30','1980-02-10 02:57:19'),(34,34,'','1970-08-09 16:19:14','1986-10-08 19:29:18'),(35,35,'','2001-06-28 08:02:44','2012-03-13 08:28:19'),(36,36,'','1997-09-01 02:46:58','2019-08-19 19:28:00'),(37,37,'','1984-09-26 05:25:18','1970-10-16 11:24:55'),(38,38,'','2018-06-30 08:15:35','1986-10-25 14:28:22'),(39,39,'','2013-06-04 15:46:55','1972-06-08 17:27:06'),(40,40,'','2004-12-07 14:41:01','1981-12-04 00:23:53'),(41,41,'','1971-11-28 06:35:47','2017-11-05 17:24:10'),(42,42,'','2002-02-26 12:46:16','1989-01-02 13:34:55'),(43,43,'','2015-09-21 00:17:25','1996-07-15 01:27:23'),(44,44,'','1990-10-07 04:06:43','2010-08-19 03:44:03'),(45,45,'','2012-04-20 22:54:25','2012-04-18 07:43:50'),(46,46,'','2011-12-26 04:49:19','2004-11-22 19:19:07'),(47,47,'','2000-04-27 06:55:34','1984-12-29 16:07:48'),(48,48,'','1999-12-16 23:50:19','2006-05-03 08:20:50'),(49,49,'','1988-04-25 07:24:54','2017-08-13 17:23:48'),(50,50,'','1990-06-07 02:31:52','1994-03-16 13:40:09'),(51,51,'','1990-07-03 00:05:58','1980-06-17 22:22:06'),(52,52,'','1996-12-21 12:52:43','2006-08-25 08:18:11'),(53,53,'','2014-05-29 21:19:30','1986-03-03 20:23:10'),(54,54,'','2021-07-03 02:32:14','1996-05-11 12:56:01'),(55,55,'','1975-08-17 00:53:51','2014-08-03 18:47:33'),(56,56,'','2010-01-20 09:04:47','1977-05-16 10:41:19'),(57,57,'','1990-07-08 22:32:28','1982-09-10 04:52:09'),(58,58,'','2001-10-15 12:49:26','2007-10-30 02:46:56'),(59,59,'','2020-10-09 08:24:12','2019-06-22 15:11:52'),(60,60,'','1979-09-25 13:06:32','1989-07-25 02:39:52'),(61,61,'','1990-04-18 01:03:41','2018-12-06 03:56:38'),(62,62,'','2017-11-21 10:31:08','1998-05-15 15:57:16'),(63,63,'','1977-02-03 08:39:41','2005-09-06 23:39:57'),(64,64,'','1987-12-29 17:22:08','2013-08-26 16:20:00'),(65,65,'','1997-06-28 04:22:02','2009-03-04 13:25:22'),(66,66,'','1996-08-23 14:39:27','1999-10-29 05:29:36'),(67,67,'','1980-02-08 01:06:10','1992-08-24 18:06:08'),(68,68,'','2010-02-03 05:02:01','1977-03-22 18:09:29'),(69,69,'','2002-08-26 22:44:07','1997-04-10 01:35:09'),(70,70,'','2009-02-13 20:34:00','1972-06-30 15:39:32'),(71,71,'','1995-04-07 06:19:50','2001-11-18 19:46:30'),(72,72,'','2016-05-15 07:40:12','1986-07-11 08:06:21'),(73,73,'','2012-03-16 20:31:49','2003-10-18 22:36:35'),(74,74,'','1977-09-16 09:19:32','2019-11-14 12:54:43'),(75,75,'','2015-06-01 08:27:07','1992-03-05 20:13:20'),(76,76,'','2001-01-06 09:36:45','1983-09-02 06:30:51'),(77,77,'','2021-06-25 09:01:02','1988-01-17 10:24:45'),(78,78,'','2003-12-13 23:28:13','2011-12-14 04:40:45'),(79,79,'','2017-04-15 14:01:58','1981-11-16 09:17:05'),(80,80,'','1976-05-27 10:18:27','1988-01-04 02:38:29'),(81,81,'','1985-06-15 12:00:46','2015-08-27 09:31:05'),(82,82,'','2013-08-13 00:42:22','1990-02-10 23:15:56'),(83,83,'','2016-10-14 09:21:26','1972-06-07 05:46:49'),(84,84,'','1972-11-12 08:31:38','1994-11-23 21:05:04'),(85,85,'','2003-10-29 20:45:57','1988-03-18 08:27:10'),(86,86,'','1980-03-30 01:51:05','1972-11-17 19:47:09'),(87,87,'','1973-05-22 07:48:48','1972-08-07 13:24:23'),(88,88,'','2001-01-01 11:49:00','1985-07-14 21:38:56'),(89,89,'','2018-01-30 19:32:41','1980-06-05 08:08:03'),(90,90,'','2005-07-12 03:11:22','1983-05-16 19:49:00'),(91,91,'','2005-09-21 14:19:53','1982-10-22 14:15:32'),(92,92,'','1970-05-26 22:47:40','1973-08-30 06:13:36'),(93,93,'','2011-06-19 03:49:10','2002-05-27 20:59:46'),(94,94,'','1998-05-12 15:38:06','2019-03-14 22:14:27'),(95,95,'','1977-07-17 14:14:18','1975-05-10 12:58:29'),(96,96,'','1996-03-20 20:36:19','1999-06-10 13:21:09'),(97,97,'','1998-12-29 00:29:24','2015-01-19 14:04:23'),(98,98,'','2001-05-29 07:56:39','1983-09-25 08:59:26'),(99,99,'','2007-12-20 03:10:46','2004-12-21 01:36:10'),(100,100,'','1974-02-16 00:12:44','2005-09-11 17:36:18');
/*!40000 ALTER TABLE `posts` ENABLE KEYS */;
UNLOCK TABLES;

--
-- Table structure for table `posts_likes`
--

DROP TABLE IF EXISTS `posts_likes`;
/*!40101 SET @saved_cs_client     = @@character_set_client */;
/*!50503 SET character_set_client = utf8mb4 */;
CREATE TABLE `posts_likes` (
  `post_id` bigint unsigned NOT NULL,
  `user_id` bigint unsigned NOT NULL,
  `like_type` tinyint(1) DEFAULT '1',
  PRIMARY KEY (`post_id`,`user_id`),
  KEY `post_idx` (`post_id`),
  KEY `user_idx` (`user_id`),
  CONSTRAINT `posts_likes_fk` FOREIGN KEY (`post_id`) REFERENCES `posts` (`id`),
  CONSTRAINT `users_likes_fk` FOREIGN KEY (`user_id`) REFERENCES `users` (`id`)
) ENGINE=InnoDB DEFAULT CHARSET=utf8mb4 COLLATE=utf8mb4_unicode_ci;
/*!40101 SET character_set_client = @saved_cs_client */;

--
-- Dumping data for table `posts_likes`
--

LOCK TABLES `posts_likes` WRITE;
/*!40000 ALTER TABLE `posts_likes` DISABLE KEYS */;
INSERT INTO `posts_likes` VALUES (3,9,1),(3,54,1),(4,73,1),(6,38,1),(6,91,1),(7,57,1),(7,64,1),(8,26,1),(8,37,1),(9,40,1),(9,50,1),(10,47,1),(10,76,1),(10,82,1),(11,10,1),(11,72,1),(12,70,1),(12,91,1),(13,51,1),(14,7,1),(14,64,1),(15,20,1),(16,13,1),(16,84,1),(16,96,1),(17,46,1),(20,19,1),(21,12,1),(21,62,1),(22,72,1),(23,15,1),(23,80,1),(24,69,1),(24,85,1),(25,12,1),(25,32,1),(25,42,1),(25,48,1),(26,73,1),(27,56,1),(27,66,1),(28,26,1),(28,41,1),(28,92,1),(31,11,1),(33,53,1),(35,93,1),(36,3,1),(39,34,1),(41,60,1),(45,98,1),(46,33,1),(47,22,1),(47,54,1),(47,57,1),(48,3,1),(48,22,1),(53,11,1),(53,47,1),(53,64,1),(54,11,1),(54,69,1),(55,11,1),(57,5,1),(59,14,1),(60,38,1),(60,63,1),(61,37,1),(63,34,1),(67,24,1),(68,39,1),(71,57,1),(71,58,1),(71,87,1),(72,49,1),(72,72,1),(73,6,1),(73,7,1),(76,56,1),(77,60,1),(78,8,1),(78,44,1),(78,83,1),(79,56,1),(79,66,1),(80,65,1),(81,88,1),(82,3,1),(82,68,1),(82,78,1),(85,73,1),(86,86,1),(88,9,1),(89,4,1),(91,94,1),(94,83,1),(97,21,1),(97,55,1),(98,3,1),(100,57,1);
/*!40000 ALTER TABLE `posts_likes` ENABLE KEYS */;
UNLOCK TABLES;

--
-- Table structure for table `profiles`
--

DROP TABLE IF EXISTS `profiles`;
/*!40101 SET @saved_cs_client     = @@character_set_client */;
/*!50503 SET character_set_client = utf8mb4 */;
CREATE TABLE `profiles` (
  `user_id` bigint unsigned NOT NULL,
  `gender` enum('f','m','x') NOT NULL,
  `birthday` date NOT NULL,
  `photo_id` bigint unsigned DEFAULT NULL,
  `city` varchar(130) DEFAULT NULL,
  `country` varchar(130) DEFAULT NULL,
  `user_status` varchar(30) DEFAULT NULL,
  PRIMARY KEY (`user_id`),
  KEY `fk_profiles_media` (`photo_id`),
  CONSTRAINT `fk_profiles_media` FOREIGN KEY (`photo_id`) REFERENCES `media` (`id`),
  CONSTRAINT `profiles_ibfk_1` FOREIGN KEY (`user_id`) REFERENCES `users` (`id`)
) ENGINE=InnoDB DEFAULT CHARSET=utf8mb4 COLLATE=utf8mb4_0900_ai_ci;
/*!40101 SET character_set_client = @saved_cs_client */;

--
-- Dumping data for table `profiles`
--

LOCK TABLES `profiles` WRITE;
/*!40000 ALTER TABLE `profiles` DISABLE KEYS */;
INSERT INTO `profiles` VALUES (1,'x','1990-10-10',45,'Roweside','4275331','cupiditate'),(2,'m','2001-08-24',66,'Lake Wilfredport','47','aperiam'),(3,'m','1980-08-06',9,'Beulahchester','7986','voluptatem'),(4,'m','2003-12-12',33,'Erickamouth','60','esse'),(5,'f','2015-01-04',23,'Bruenburgh','4390','vel'),(6,'f','2019-09-24',39,'Lake Loraineberg','113','dolor'),(7,'m','1975-06-03',92,'East Laurenton','287058','accusantium'),(8,'x','2010-05-10',8,'North Lessiefurt','7','aut'),(9,'f','2003-06-14',72,'Port Aglae','41304654','dolorem'),(10,'f','1989-10-19',71,'North Elistad','93','sapiente'),(11,'x','2016-08-24',79,'Hirtheborough','9','atque'),(12,'m','1977-08-16',28,'Olenport','784506947','voluptates'),(13,'m','1975-10-04',18,'East Marieside','428757','et'),(14,'x','2006-10-09',21,'Jeffhaven','','at'),(15,'f','1997-02-17',40,'Bahringerville','9321','amet'),(16,'m','2001-07-30',14,'Alfredaland','753142','at'),(17,'f','1977-11-01',44,'Sanfordview','78','consequatur'),(18,'x','1977-02-12',5,'Port Hester','587411726','inventore'),(19,'m','1996-10-06',98,'Mavismouth','6','eum'),(20,'m','1972-07-03',34,'Koelpinland','3229','itaque'),(22,'f','2015-12-29',99,'Christopherberg','','est'),(24,'m','2012-01-22',87,'North Verlie','17727','temporibus'),(25,'m','1984-07-17',16,'Reichelport','576339583','enim'),(26,'x','1972-07-08',17,'West Rachelhaven','7255227','ex'),(27,'m','1994-03-27',93,'North Abelardo','824309375','sit'),(28,'f','1979-04-21',94,'West Hubertburgh','63592','eligendi'),(31,'x','1999-03-12',84,'Martinberg','948073114','hic'),(33,'m','1985-08-10',83,'Mrazfort','5988345','qui'),(36,'m','1975-04-03',6,'Caitlynfort','','maxime'),(37,'f','2016-08-20',31,'South Jolie','168','asperiores'),(38,'f','2011-08-23',97,'New Tracy','51','natus'),(39,'m','2008-07-01',13,'Goldnerport','5','omnis'),(40,'x','1988-01-24',3,'Heidenreichview','','consequatur'),(41,'m','1978-03-18',67,'Port Jeniferside','38101','quibusdam'),(42,'m','1976-12-28',91,'North Wilhelmhaven','68227170','aliquid'),(43,'x','1987-07-26',30,'Mrazville','1581','ex'),(44,'f','2008-06-18',85,'South Lavina','','veritatis'),(45,'f','1991-06-29',12,'Gerlachchester','','consequatur'),(46,'m','1995-10-31',69,'West Anissabury','84447','nihil'),(48,'f','2020-04-01',55,'Carsonmouth','9','earum'),(49,'x','2007-12-18',73,'Misaelland','26959','ut'),(50,'x','2010-08-19',96,'Jacobsstad','','occaecati'),(51,'f','1990-01-31',89,'Lake Eunaview','1','iure'),(53,'f','2000-04-29',95,'Jaskolskifurt','42602437','perspiciatis'),(54,'f','2001-06-21',2,'Patsyhaven','195','consequatur'),(56,'x','1989-01-06',10,'North Leilatown','19103858','maxime'),(57,'m','2003-07-26',19,'Simeonport','2','quaerat'),(59,'m','1972-01-04',4,'North Clareside','6864','ut'),(60,'m','2000-10-11',46,'Port Katelynland','6202','harum'),(64,'m','2001-02-15',90,'Ryanfurt','190850','id'),(65,'m','1972-06-05',80,'North Melvinview','50','fugiat'),(66,'m','1972-01-03',22,'Port Shannyberg','92190','aliquam'),(68,'f','1970-09-11',11,'Lake Willardmouth','215502','optio'),(74,'m','2019-12-03',42,'Nikkimouth','854','expedita'),(79,'f','2008-02-11',64,'Reynoldston','88317','nobis'),(81,'x','1986-02-11',62,'Tristianmouth','1','tenetur'),(82,'m','1988-03-03',52,'Raheemshire','3772','ut'),(84,'f','1992-08-31',57,'Jasttown','','quia'),(85,'x','1987-04-05',54,'New Neha','806272','sunt'),(89,'m','1987-08-28',82,'Port Tyrell','31162','sunt'),(90,'x','1994-02-15',70,'Margarettmouth','15','debitis'),(93,'m','2016-01-13',56,'Garrisonport','7573520','cumque'),(96,'x','1983-10-01',36,'Lake Allenport','','dolorem'),(98,'x','2010-08-15',74,'North Jenifer','','sed');
/*!40000 ALTER TABLE `profiles` ENABLE KEYS */;
UNLOCK TABLES;

--
-- Table structure for table `users`
--

DROP TABLE IF EXISTS `users`;
/*!40101 SET @saved_cs_client     = @@character_set_client */;
/*!50503 SET character_set_client = utf8mb4 */;
CREATE TABLE `users` (
  `id` bigint unsigned NOT NULL AUTO_INCREMENT,
  `first_name` varchar(145) NOT NULL,
  `last_name` varchar(145) NOT NULL,
  `email` varchar(145) NOT NULL,
  `phone` char(11) NOT NULL,
  `password_hash` char(65) DEFAULT NULL,
  `created_at` datetime NOT NULL DEFAULT CURRENT_TIMESTAMP,
  PRIMARY KEY (`id`),
  UNIQUE KEY `email` (`email`),
  KEY `phone` (`phone`),
  KEY `email_2` (`email`)
) ENGINE=InnoDB AUTO_INCREMENT=101 DEFAULT CHARSET=utf8mb4 COLLATE=utf8mb4_0900_ai_ci;
/*!40101 SET character_set_client = @saved_cs_client */;

--
-- Dumping data for table `users`
--

LOCK TABLES `users` WRITE;
/*!40000 ALTER TABLE `users` DISABLE KEYS */;
INSERT INTO `users` VALUES (1,'Darren','Brakus','yesenia03@example.com','635.787.949','a5a7d1057376c3da59fe2b10c49a4dcaa5a6b935','1992-04-03 06:36:29'),(2,'Brianne','Nienow','pfunk@example.org','869-481-632','8ba67e988b93e89ea806d37044b8077b8b1b8a18','1982-02-18 12:55:27'),(3,'Dale','Lang','banderson@example.com','+47(5)84952','2d4382d9fc2a49d4b0f994fccf43b1c2bb9024f1','1990-12-06 12:12:47'),(4,'Valentina','Gleason','cedrick06@example.net','1-475-184-6','f40684849a137d823a86a03f21e9a6f015cfdccd','2015-08-01 14:42:29'),(5,'Marcelino','Rippin','lurline88@example.org','820-102-102','e11c8525fc9647ec59ec55b8d80bba3da80359e9','2010-02-25 14:01:58'),(6,'Cleveland','Trantow','conroy.amelie@example.org','605-989-793','ef746b2ce4a8fac70fc3b080161764ce636a1fb3','2013-10-04 03:56:15'),(7,'Noah','Watsica','casper.isabelle@example.net','339.610.003','aa3652ba90253f43d464394b3970c4ec27873bb7','1999-06-01 17:33:27'),(8,'Kyleigh','O\'Kon','agraham@example.org','357.773.466','e57837ab57d626df06e3668771ce2dc13e06f93f','1985-10-06 23:49:07'),(9,'Brenda','Anderson','wparker@example.net','+85(4)26560','9b376cac02c9795084e90f9aa0c85229ca6d5abe','2013-11-12 17:08:19'),(10,'Brant','Gottlieb','halvorson.rodger@example.org','363.494.241','3ee68b906e8f3061d3c9ffa4d9d428183afda254','2014-10-09 13:23:15'),(11,'Laurie','Kassulke','vicenta.padberg@example.org','1-039-709-9','818932c03a90758656c0f6226de2a2592a3dc6f5','1992-07-12 17:02:45'),(12,'Albert','Moore','sondricka@example.net','963.586.808','67c6c12a04247a8d045727422b5c4a94cb86a1b6','1991-12-28 11:19:36'),(13,'Titus','Kunze','waters.bertha@example.com','+90(0)91008','bb775aa78a630f6e7be12533f97423b6664bf062','2012-11-03 09:22:26'),(14,'Iva','Frami','schumm.jared@example.org','(815)371-08','443804d607325ca93e0ac73caae09a4d125faf3a','1971-07-06 02:05:34'),(15,'Tyreek','Wiegand','gaylord.marlon@example.org','03872548137','184cb82a3eba27b89654a62098699314a9e8a0e8','2001-04-04 16:35:51'),(16,'Alba','Wiza','enos.swaniawski@example.com','701-221-989','34aa31b63bed77e073593c163eecf3166e9e2551','2004-10-14 18:52:05'),(17,'Kale','Denesik','elyse.donnelly@example.net','05122083676','4f2865014086f37115714eded06cb9ba1a72ac5f','1979-02-14 03:19:35'),(18,'Karen','Runte','mcglynn.rupert@example.net','(765)694-95','02cb9a02e2789f202dd6eedfe318440d9445021a','1995-04-22 23:03:34'),(19,'Caesar','Jakubowski','darien.rice@example.org','(115)959-68','c8503a1ef57e2a93f69e25c31f68ff684b5a0dea','1980-12-05 19:21:25'),(20,'Maida','Russel','vschaden@example.org','969-401-881','e72213afe84b6caf5a13f3e36e227f35d9da9af4','2002-03-18 09:47:59'),(21,'Jordon','Bartell','harley.volkman@example.com','(918)765-80','a1fb2f27acad96d5bf350df25ee39cab5545b2d0','1993-05-07 04:15:18'),(22,'Imani','Murray','alysson.emmerich@example.org','994-960-152','85253152ee05c2f441b44dd9348a8dcba479f57f','1998-05-06 17:01:40'),(23,'Kavon','Bode','freeda.d\'amore@example.org','(408)099-31','2bb531bcfa60cbd1282a5acffdbb59ddd8011999','1988-10-10 14:40:08'),(24,'Raphaelle','Schumm','williamson.heloise@example.com','1-735-211-4','a7ee1eab35a7e16caad7d352259c300891a68c2b','1987-03-20 13:43:36'),(25,'Bobbie','Abbott','audra.kuvalis@example.com','(664)055-63','20cc0e2d1d55bafa512f396734de77c5973b9e41','2015-07-04 06:14:21'),(26,'Elissa','Kunze','price.marisa@example.org','+96(4)74638','51ddff8bd5a28c21da6828e2fd818542c0718178','1971-08-21 06:22:25'),(27,'Kevin','Price','larry54@example.net','223.235.933','e5aaca2484371ab84e4a95f54aa8fdebd95775ee','2001-10-22 16:48:40'),(28,'Trever','Miller','braun.wendell@example.com','1-719-913-0','848325dedf539324e018832f30d7ae4a4fc0d78f','1988-01-24 23:36:33'),(29,'Rhiannon','Kerluke','cole.gabriel@example.net','697-093-290','4dba160743c0036438890e03363907cf5f262214','2007-10-11 21:52:58'),(30,'Sean','Bechtelar','rdooley@example.net','(261)344-75','1f94c89a898e9f37a5d35d2edde57f29c41e0551','1999-07-04 18:14:07'),(31,'Gia','Heaney','robel.kaia@example.net','212-545-028','036cab271bf1349e18c567de20461656cc4cf1f3','2003-10-25 20:08:19'),(32,'Sarah','Bashirian','vicenta.mcglynn@example.org','(247)661-71','4f904d4778875a27f577da4a48a5e9de944977f6','1983-01-16 05:24:39'),(33,'Carrie','Jacobi','lyost@example.com','(428)091-86','4491009006706b8522129321e5927ffd6543d611','1985-08-11 13:16:07'),(34,'Lucius','Swift','marlene.larkin@example.net','+12(2)97148','428eab66cd857e4b5509c93242e2472f5f51694c','1981-01-02 06:20:08'),(35,'Jazmyne','Farrell','kulas.arthur@example.com','1-903-243-0','d20cb8a49833a7b2509e9b8ace9bb00dedcd47b2','2017-08-19 10:55:16'),(36,'Brian','Kuhic','ystroman@example.net','+79(1)62533','2e045d4486a777332e9c2d59c9462df4dcd08be5','1997-02-25 10:37:20'),(37,'Amy','Hagenes','legros.jordane@example.org','495.815.855','47c4bcfe11e158147c78e83222a230f3d90fcf20','1987-06-08 15:01:18'),(38,'Barry','Waelchi','golden08@example.com','+55(5)25312','bedb38b1520f4edecb4984812a978926d0a7027e','2007-02-01 14:50:57'),(39,'Austyn','Kessler','octavia.powlowski@example.net','892.454.323','fb6e070b64aae6c55924bb4357c51ae647f5e579','1983-01-27 18:38:40'),(40,'Russell','Kessler','karelle85@example.net','+97(4)02848','70d6d6d9ffbf95974c01dcd4a589aa6db5cefe70','2010-01-30 06:45:25'),(41,'Fae','Prosacco','crona.otis@example.net','336-351-625','552366e54f2936015a390f9252f0c849574809e1','2014-08-15 09:53:12'),(42,'Ashlee','Bode','grant.damion@example.org','+99(4)47911','b99ed81e2a3ecb3ea3cd08897ce593b06fa1ffb4','2015-05-27 00:14:09'),(43,'Delaney','Hane','nicolas.danielle@example.com','192-781-703','be89c4918b00453f04ad5ada4b6ff545abb7080b','1995-12-05 09:21:27'),(44,'Michale','Trantow','filomena.ratke@example.com','04733000970','184631b7217de68a96d7b1d80a9616c68abb20dc','1974-05-02 21:40:40'),(45,'Bridie','Johns','cbernhard@example.com','806-892-684','e63f99cebad672b913e396f287988a94fb36fd0a','2018-11-28 19:06:35'),(46,'Ada','Mann','friesen.jed@example.org','718.738.438','a487a23e95f5f7dc743d5ac39af80d4543c9ef62','1986-03-11 11:01:25'),(47,'Annalise','Heidenreich','id\'amore@example.org','688.387.271','54b1aaaacb3564fed7f54377b079c1a9c7651cb6','1972-02-06 05:15:38'),(48,'Alaina','Roberts','trinity75@example.org','655.208.238','5cf9432c4130ea17a3848c3c87e18ddb9e98f893','1982-11-13 21:09:25'),(49,'Shaniya','Bahringer','derek.feil@example.com','912.364.856','6184fb49f2bf89694057ff544cdc25c73814d1b9','2015-05-28 00:02:58'),(50,'Mallory','Wehner','erick.sipes@example.net','+86(8)08842','05697a23cf1b4a5d541d049a82af1c020084bb12','1971-03-04 17:28:32'),(51,'Emmet','Bayer','sanford.kieran@example.net','955.690.298','8fe2dab5151cd0ec8db10fad503b593e5570d439','1981-04-17 13:29:27'),(52,'Jayden','Tromp','schoen.antonetta@example.com','(766)973-54','3e5e18289d5cd22cf5bd315e5158304f178c4300','1978-10-04 03:43:38'),(53,'Archibald','Smith','ferry.pedro@example.org','375.734.940','1bc4a2f902d86247f8ecc3156ea73ce3b63ba3f3','1998-03-29 05:22:56'),(54,'Anna','Anderson','arielle.skiles@example.net','907.939.991','9d4f90ad5a734ee7235daaef61a48c3747396cc3','1975-08-23 15:29:51'),(55,'Jerel','Gerhold','ayden.berge@example.org','921.314.100','23f51af5421fb02d34bb6f98f056959514960d4f','1994-01-27 23:38:48'),(56,'Bette','Roberts','lbrakus@example.net','1-122-744-7','0bc30821e26a7d4638df27bac78bf21740384a59','2017-03-03 06:48:31'),(57,'Eddie','Batz','jennyfer.gerhold@example.net','1-719-658-9','57c491e0b7a6b1e04daea8d680314bd21464d807','1981-04-13 07:59:30'),(58,'Celestine','Dare','zrippin@example.net','1-101-083-0','3ca634e5a8718be3ac18e61608553a79a51c9749','2013-11-27 22:45:51'),(59,'Autumn','Grady','durward59@example.org','558.223.047','439bfb9fbf6609d475b6ca5416d4bb7a8c1477f3','2004-01-19 19:38:33'),(60,'Agustina','McGlynn','oswaldo35@example.com','(943)152-06','21a1f54969ef792f9c2b06a9bba281cdf9e622b1','2015-01-10 19:55:08'),(61,'Luther','Goodwin','muller.harold@example.com','1-393-443-2','4ef343c5e38f6c51f3b2498ec452000873d6465d','1979-02-05 06:58:46'),(62,'Mallie','Lang','steuber.claudine@example.com','+37(8)00832','2d5ea381db0a04ef749cee053f90b6547b942fbe','1977-05-29 19:04:07'),(63,'Gust','Erdman','kris.kieran@example.org','+84(0)24909','aa7ed22cc465119c9518fa281d0761b820f4eb0b','1987-08-13 06:22:17'),(64,'Chandler','Kovacek','deondre.koelpin@example.org','469.322.129','48249c9c35031f801f5e6856c997212f3ee43d3d','2013-07-18 01:25:00'),(65,'Jaida','Langosh','simone40@example.net','289-595-053','6142c7f8dad176ab29e08375b54db40852ada744','1981-07-01 02:51:28'),(66,'Derick','Dickinson','irma56@example.net','(114)957-72','f9e618e2ce1cfd4c671e55dbe13f2e44f6c98832','2002-02-05 06:53:32'),(67,'Jackie','Sporer','hector.connelly@example.org','+88(6)62674','4ddf600b4b04163cb6d41642648b006ea858d6ba','2000-10-14 01:47:42'),(68,'Deanna','Padberg','cristina.effertz@example.com','06980194738','3bcc757ff1739f408c1796e233ff01eaaeb4cc57','1989-11-18 03:55:08'),(69,'Jameson','Macejkovic','kaycee.harber@example.org','715-061-184','1da00e35077dda1964ca25010b7061a1e61c869d','2006-04-29 04:28:25'),(70,'Clarissa','Stamm','ellen.stamm@example.com','(961)855-27','92b3a929a459ab671ee83011411adcf72acdb216','1973-02-07 09:40:55'),(71,'Beth','Cremin','darmstrong@example.com','(798)437-81','9a02e0bc9102803cc4a0151d54c4f78afee1a552','1997-09-24 13:54:59'),(72,'Annabell','Stehr','ccummings@example.net','914-880-785','c9a2e14c3f451cbcb79681ce87b373475e975fe1','2016-07-05 21:05:57'),(73,'Rashad','VonRueden','ellen65@example.org','169.011.255','fd7c11979f564d8aeb90375f3a7981c2e98352e4','2012-01-15 22:37:05'),(74,'Bernice','Boehm','hansen.marian@example.org','(950)142-26','33ac949e67f49ef379d639dccc04bfd1e261a5ce','1984-02-08 19:07:18'),(75,'Tod','Homenick','lucile.hayes@example.net','253.672.738','6eaf8a01f8e964d87e6cc1943769f8645ea3ecdb','1990-08-25 06:28:47'),(76,'Kayli','Casper','rwintheiser@example.net','430.796.919','98655441aeb5272911daddf9cf262f20163224ce','2015-11-13 10:43:15'),(77,'Misty','Maggio','xwilderman@example.org','330.124.140','dcc38cc9b6e4798864c3959fff3d87f87e3604e7','2005-03-29 12:50:18'),(78,'Ova','Torphy','terry.melba@example.org','06511925886','6df77f8ac728c1b9a0fdb8d84e765081682f407d','2014-02-17 00:43:38'),(79,'Jackie','Grady','mathilde51@example.org','982-797-800','f5e09e460f2e720ca1a1bc86422cc46b9440c982','1998-10-03 10:04:32'),(80,'Magali','Herman','hermiston.creola@example.org','106-269-947','abd06ec54b12f0254aa431626d0beea11aeb2f35','1973-05-25 07:51:56'),(81,'Blaze','Deckow','qweissnat@example.org','+50(0)68262','8b23c86e8a0da4ab6f478ce97d8c0a4b96d415f5','1998-01-28 17:39:29'),(82,'Henderson','Marks','sigrid.rohan@example.org','677.604.321','fb2d1a41dcba0879a4ab64d8a4635c18a55206e4','1997-04-09 10:32:02'),(83,'Ryan','Rempel','jaunita37@example.com','+86(6)14764','67b5b425b2ec87a19a0022f50627e74541ad3164','2004-02-01 05:40:32'),(84,'Cecil','Streich','tia04@example.com','126-856-966','4923ebfaccd77146cc08ee533501ed995ccd4b8f','2002-06-17 00:54:07'),(85,'Esther','Lubowitz','karson68@example.net','1-163-145-6','07566dd604a7a876a487e93682d9af585063c80e','2003-04-10 02:45:43'),(86,'Wilma','Kessler','genevieve.kulas@example.com','1-933-845-7','9b15174a6b01d59040e89a27413ec5943222e843','2009-06-18 00:08:09'),(87,'Yolanda','Homenick','leopold.crist@example.net','+12(5)67610','336ca36ae547d8eb338a9edec1581bbf3b06edb5','1999-09-10 12:30:15'),(88,'Aiden','Koelpin','stuart.herzog@example.org','836-442-530','0610f211853267d3569ca417956b5005cbfee89e','1993-04-27 17:44:57'),(89,'Abigail','Hyatt','abraun@example.com','1-815-102-0','1c2138339fca4dfa312d60131e0face65ff0a2fe','1974-01-22 21:07:37'),(90,'Elaina','Renner','yschiller@example.net','727-368-634','12a75ab7b989b5a057cdf8ad67bb398e9dac99d6','2018-03-22 08:30:41'),(91,'Aliza','Leannon','mills.abigale@example.net','1-432-343-5','a0be40aac09a03e548f6b2dd0d588a5b61ea7d4b','1978-09-25 02:40:57'),(92,'Modesto','Mitchell','garnet46@example.net','865.539.667','0e669a815e776cbbc994daafa77e08597998f8a9','1999-08-04 23:49:13'),(93,'Claire','Jaskolski','sammie76@example.com','263-529-096','3bfc3bb827165732457cbf86143d3922c2671ccb','2012-02-14 23:06:54'),(94,'Kevon','Collier','kihn.fermin@example.org','519-259-993','3f11f53568fee2404c5bf66318a349d00b0a1db0','1997-05-12 23:12:44'),(95,'Julien','Nader','durgan.seth@example.net','1-932-393-5','cba9f508cd37d2264fa505bf0d10853e8873349c','1972-04-11 22:36:09'),(96,'Kiley','Heathcote','darby42@example.com','+76(2)88266','3a6f71632ff928600552b9383c03544279ab08a0','1996-07-12 00:57:17'),(97,'Vincenzo','Luettgen','jdavis@example.net','(767)926-35','74c711173af029f133d3d1723d0d583d1dad62b5','2008-12-08 00:32:25'),(98,'Mollie','Collins','monique41@example.com','494-864-211','ae733703f456a3842fa8eb7e0ac0653620a0ca75','1998-06-22 15:26:45'),(99,'Erich','Kshlerin','satterfield.nat@example.com','+22(2)38026','b83dfe1aef78dede6faaed0bbac9aa67f7976286','2007-08-19 05:58:00'),(100,'Clement','Donnelly','wmohr@example.com','538.131.437','08dc558d674dc73a79398ecad3344c7fcbf8258c','2003-11-05 00:39:36');
/*!40000 ALTER TABLE `users` ENABLE KEYS */;
UNLOCK TABLES;

--
-- Dumping routines for database 'vk'
--
/*!40103 SET TIME_ZONE=@OLD_TIME_ZONE */;

/*!40101 SET SQL_MODE=@OLD_SQL_MODE */;
/*!40014 SET FOREIGN_KEY_CHECKS=@OLD_FOREIGN_KEY_CHECKS */;
/*!40014 SET UNIQUE_CHECKS=@OLD_UNIQUE_CHECKS */;
/*!40101 SET CHARACTER_SET_CLIENT=@OLD_CHARACTER_SET_CLIENT */;
/*!40101 SET CHARACTER_SET_RESULTS=@OLD_CHARACTER_SET_RESULTS */;
/*!40101 SET COLLATION_CONNECTION=@OLD_COLLATION_CONNECTION */;
/*!40111 SET SQL_NOTES=@OLD_SQL_NOTES */;

-- Dump completed on 2021-07-14 13:57:59
