USE fitness;

-- статус активности

INSERT INTO `activity_status` (`id`, `name`) VALUES ('1', 'по плану');
INSERT INTO `activity_status` (`id`, `name`) VALUES ('3', 'отменено');
INSERT INTO `activity_status` (`id`, `name`) VALUES ('2', 'не назначено');


-- вид спорта

INSERT INTO `sport_type` (`id`, `name`) VALUES ('4', 'пилатес');
INSERT INTO `sport_type` (`id`, `name`) VALUES ('3', 'сайклинг');
INSERT INTO `sport_type` (`id`, `name`) VALUES ('5', 'кроссфит');
INSERT INTO `sport_type` (`id`, `name`) VALUES ('1', 'пауэрлифтинг');
INSERT INTO `sport_type` (`id`, `name`) VALUES ('2', 'воркаут');


-- зал/зона

INSERT INTO `gym_zone` (`id`, `name`, `floor_number`) VALUES ('1', 'зал 1', 1);
INSERT INTO `gym_zone` (`id`, `name`, `floor_number`) VALUES ('2', 'зона силовых тренажеров', 2);
INSERT INTO `gym_zone` (`id`, `name`, `floor_number`) VALUES ('3', 'зал 2', 1);
INSERT INTO `gym_zone` (`id`, `name`, `floor_number`) VALUES ('4', 'зона велотренажеров', 2);
INSERT INTO `gym_zone` (`id`, `name`, `floor_number`) VALUES ('5', 'зал 3', 1);
INSERT INTO `gym_zone` (`id`, `name`, `floor_number`) VALUES ('6', 'зона кроссфит', 2);
INSERT INTO `gym_zone` (`id`, `name`, `floor_number`) VALUES ('7', 'зал 4', 1);
INSERT INTO `gym_zone` (`id`, `name`, `floor_number`) VALUES ('8', 'зал 5', 1);
INSERT INTO `gym_zone` (`id`, `name`, `floor_number`) VALUES ('9', 'зона растяжки', 2);
INSERT INTO `gym_zone` (`id`, `name`, `floor_number`) VALUES ('10', 'зал 6', 1);


-- клиент

INSERT INTO `client` (`id`, `first_name`, `last_name`, `phone_number`, `birthday`, `created_at`, `password_hash`) VALUES ('1', 'Dejuan', 'Lemke', '09306496169', '1982-10-25', '2021-08-01 23:48:07', 'a0c198f8c4b3b8c412f74a4e0d77225cb70f7b99');
INSERT INTO `client` (`id`, `first_name`, `last_name`, `phone_number`, `birthday`, `created_at`, `password_hash`) VALUES ('2', 'Judy', 'Reichert', '89850234560', '2020-10-29', '2021-07-21 16:45:29', '8c64482647457fa08e790c439eef6636f320bf66');
INSERT INTO `client` (`id`, `first_name`, `last_name`, `phone_number`, `birthday`, `created_at`, `password_hash`) VALUES ('3', 'Camylle', 'Fritsch', '89850234560', '1986-07-13', '2021-07-16 21:25:13', '2a4889864837d2288a000710b36d917c547f8605');
INSERT INTO `client` (`id`, `first_name`, `last_name`, `phone_number`, `birthday`, `created_at`, `password_hash`) VALUES ('4', 'Hank', 'Runolfsdottir', '89850234560', '1978-05-02', '2021-07-23 14:16:57', 'f4e11cb8d223498ad576e9b1994c07be766e59b2');
INSERT INTO `client` (`id`, `first_name`, `last_name`, `phone_number`, `birthday`, `created_at`, `password_hash`) VALUES ('5', 'Sherwood', 'Larkin', '89850234560', '1974-10-17', '2021-07-25 10:04:37', 'be1d7f5a61f9d2c0e3102ef0ffb2b3364e617d53');
INSERT INTO `client` (`id`, `first_name`, `last_name`, `phone_number`, `birthday`, `created_at`, `password_hash`) VALUES ('6', 'Caesar', 'Wolf', '89850245600', '1988-04-05', '2021-07-28 03:44:36', 'ed50537a1eacb5380fe3683b2b0f1efa657709ac');
INSERT INTO `client` (`id`, `first_name`, `last_name`, `phone_number`, `birthday`, `created_at`, `password_hash`) VALUES ('7', 'Kendrick', 'Kuphal', '89850234560', '2016-07-13', '2021-08-11 22:25:00', '6a1c9408821365f7e15ac635f0ee98c0fcbf23a9');
INSERT INTO `client` (`id`, `first_name`, `last_name`, `phone_number`, `birthday`, `created_at`, `password_hash`) VALUES ('8', 'Leif', 'Murphy', '89850234560', '2019-07-25', '2021-07-21 05:43:34', '2ca61d12099623f9b787394ef07fc623896b3aaf');
INSERT INTO `client` (`id`, `first_name`, `last_name`, `phone_number`, `birthday`, `created_at`, `password_hash`) VALUES ('9', 'Felicity', 'Harris', '89850234560', '2017-10-17', '2021-07-24 11:39:11', 'cd85d87cc5d49f13f1f186f811b28a8c2a9209e0');
INSERT INTO `client` (`id`, `first_name`, `last_name`, `phone_number`, `birthday`, `created_at`, `password_hash`) VALUES ('10', 'Sydnee', 'Morissette', '89850234560', '2003-01-21', '2021-07-25 19:59:31', '434d9209227fb3a30a44cf3c263a963406cd50b3');
INSERT INTO `client` (`id`, `first_name`, `last_name`, `phone_number`, `birthday`, `created_at`, `password_hash`) VALUES ('11', 'Amina', 'Turcotte', '89850234560', '2000-09-05', '2021-07-13 18:38:15', '71c304eb80833afed663c5700c48d731aebce719');
INSERT INTO `client` (`id`, `first_name`, `last_name`, `phone_number`, `birthday`, `created_at`, `password_hash`) VALUES ('12', 'Leann', 'Fahey', '89850234560', '2012-08-19', '2021-07-27 19:03:18', '4df62ed96b5e070c1f47225187e9907dbfeb416b');
INSERT INTO `client` (`id`, `first_name`, `last_name`, `phone_number`, `birthday`, `created_at`, `password_hash`) VALUES ('13', 'Louie', 'Murazik', '89850234560', '2007-04-27', '2021-07-31 20:35:11', 'd5e021b94b6596b5f009ddf3cf16d2b1ddcc4258');
INSERT INTO `client` (`id`, `first_name`, `last_name`, `phone_number`, `birthday`, `created_at`, `password_hash`) VALUES ('14', 'Jakayla', 'Jakubowski', '89850234560', '1983-12-04', '2021-08-06 18:33:41', '3915aa3caea224e067316500565be8b12418fa9a');
INSERT INTO `client` (`id`, `first_name`, `last_name`, `phone_number`, `birthday`, `created_at`, `password_hash`) VALUES ('15', 'Juana', 'Pacocha', '89850234560', '1989-02-02', '2021-08-04 02:49:40', 'b7419e5bc4636ce68b30ec98d355db73425eb64e');
INSERT INTO `client` (`id`, `first_name`, `last_name`, `phone_number`, `birthday`, `created_at`, `password_hash`) VALUES ('16', 'Kayleigh', 'Bashirian', '89850234560', '1996-09-04', '2021-07-26 08:43:30', '7b6932a443b2cbe1066dc1e5d14d56f7b879d793');
INSERT INTO `client` (`id`, `first_name`, `last_name`, `phone_number`, `birthday`, `created_at`, `password_hash`) VALUES ('17', 'Jessy', 'Koch', '89850234560', '1980-03-08', '2021-07-23 03:03:26', '21e705c2ce0c94083cda5512432faa41c55e4445');
INSERT INTO `client` (`id`, `first_name`, `last_name`, `phone_number`, `birthday`, `created_at`, `password_hash`) VALUES ('18', 'Alanna', 'Robel', '89850234560', '2009-06-03', '2021-07-22 16:06:14', '269b8ce6a247030bb37d0b3b7afa8902985b1352');
INSERT INTO `client` (`id`, `first_name`, `last_name`, `phone_number`, `birthday`, `created_at`, `password_hash`) VALUES ('19', 'Nyasia', 'Reinger', '89850234560', '2020-05-01', '2021-07-28 03:09:40', 'cba18fa6b45f073edaa840066604d1b64daf65fc');
INSERT INTO `client` (`id`, `first_name`, `last_name`, `phone_number`, `birthday`, `created_at`, `password_hash`) VALUES ('20', 'Freeman', 'Daniel', '89850234560', '1987-08-12', '2021-07-21 13:59:47', '7d4e4a7c0a8cea6d432dbf64cdddc1ff36945694');
INSERT INTO `client` (`id`, `first_name`, `last_name`, `phone_number`, `birthday`, `created_at`, `password_hash`) VALUES ('21', 'Valentine', 'Roob', '89850234560', '2011-03-02', '2021-07-18 17:36:52', '327ede7a647cf22e2b51601637e3e625b2e2b8e1');
INSERT INTO `client` (`id`, `first_name`, `last_name`, `phone_number`, `birthday`, `created_at`, `password_hash`) VALUES ('22', 'Wilbert', 'Romaguera', '03637704495', '2004-05-26', '2021-08-02 11:45:34', '9b1c8441dda5a15ca4ea6b40f87042e9f7fbc6aa');
INSERT INTO `client` (`id`, `first_name`, `last_name`, `phone_number`, `birthday`, `created_at`, `password_hash`) VALUES ('23', 'Carolyne', 'Littel', '03373098697', '2018-03-17', '2021-07-29 09:27:04', '6f194ce730b6d195005ee62c2a130e077f840686');
INSERT INTO `client` (`id`, `first_name`, `last_name`, `phone_number`, `birthday`, `created_at`, `password_hash`) VALUES ('24', 'Enrique', 'Williamson', '89850234560', '2013-03-10', '2021-07-27 00:08:45', '68eb75a053622d23884c7cbed19e9db064054f3f');
INSERT INTO `client` (`id`, `first_name`, `last_name`, `phone_number`, `birthday`, `created_at`, `password_hash`) VALUES ('25', 'Braeden', 'Kohler', '89850234560', '1996-09-28', '2021-07-25 11:29:00', '0b61dcf4c7469706d59c8b517b654604994e013c');
INSERT INTO `client` (`id`, `first_name`, `last_name`, `phone_number`, `birthday`, `created_at`, `password_hash`) VALUES ('26', 'Payton', 'Leannon', '89850234560', '2013-10-23', '2021-08-10 16:56:00', '48f586b6dd3bdc5a8930c1f30b4ca7024911ce6a');
INSERT INTO `client` (`id`, `first_name`, `last_name`, `phone_number`, `birthday`, `created_at`, `password_hash`) VALUES ('27', 'Addison', 'OConner', '89850234560', '1985-11-01', '2021-08-04 21:20:54', 'bf760939a0088c8f6931e8b6cecd9aa40468e4c1');
INSERT INTO `client` (`id`, `first_name`, `last_name`, `phone_number`, `birthday`, `created_at`, `password_hash`) VALUES ('28', 'Marco', 'Collins', '89850234560', '2006-11-08', '2021-08-05 20:52:43', 'ef6887c280af83e96aeab89a0261e883e5131788');
INSERT INTO `client` (`id`, `first_name`, `last_name`, `phone_number`, `birthday`, `created_at`, `password_hash`) VALUES ('29', 'Madelynn', 'Schumm', '89850234560', '2017-01-27', '2021-07-25 03:31:31', '8a21ab05ab99e573299292155700ceb03cbc0037');
INSERT INTO `client` (`id`, `first_name`, `last_name`, `phone_number`, `birthday`, `created_at`, `password_hash`) VALUES ('30', 'Karley', 'Koch', '00022780966', '1994-07-08', '2021-07-29 17:08:15', 'a5e9b59974de8c8cb7b06a1d29107d2631b06f9d');
INSERT INTO `client` (`id`, `first_name`, `last_name`, `phone_number`, `birthday`, `created_at`, `password_hash`) VALUES ('31', 'Kyra', 'Terry', '89850234560', '2008-11-01', '2021-07-15 21:42:03', '96c5ad9eac4890e03336109305f2d99b5dce3bb2');
INSERT INTO `client` (`id`, `first_name`, `last_name`, `phone_number`, `birthday`, `created_at`, `password_hash`) VALUES ('32', 'Leone', 'Haag', '89850234560', '1977-08-18', '2021-08-05 09:23:48', '7b24ddeecc46fa0c3de73fb1d6c5c6a13ae72db5');
INSERT INTO `client` (`id`, `first_name`, `last_name`, `phone_number`, `birthday`, `created_at`, `password_hash`) VALUES ('33', 'Madilyn', 'Klein', '89850234560', '1993-03-12', '2021-07-28 14:40:26', '0ee98f8537468d676a6c84d4eec73c7dd31e28c2');
INSERT INTO `client` (`id`, `first_name`, `last_name`, `phone_number`, `birthday`, `created_at`, `password_hash`) VALUES ('34', 'Adrien', 'Frami', '00258040728', '1981-02-05', '2021-07-22 23:56:51', 'ec3c9757343eab9bcffae5e9c129be545d9c7341');
INSERT INTO `client` (`id`, `first_name`, `last_name`, `phone_number`, `birthday`, `created_at`, `password_hash`) VALUES ('35', 'Ambrose', 'Morar', '02555279674', '1989-12-17', '2021-08-02 08:25:24', '3aabacd9f9c55fcd4322ff287a8c6278ebbe55ba');
INSERT INTO `client` (`id`, `first_name`, `last_name`, `phone_number`, `birthday`, `created_at`, `password_hash`) VALUES ('36', 'Alec', 'Prosacco', '89850234560', '1999-09-06', '2021-08-08 12:13:30', 'c8bbab5b022750ea1d8a23aab7fa2a9484fefee1');
INSERT INTO `client` (`id`, `first_name`, `last_name`, `phone_number`, `birthday`, `created_at`, `password_hash`) VALUES ('37', 'Bert', 'Mitchell', '89850234560', '1990-07-26', '2021-07-18 07:38:39', 'e8756775e7f2ed9ac10710ad6a39cb2ecd6bb2eb');
INSERT INTO `client` (`id`, `first_name`, `last_name`, `phone_number`, `birthday`, `created_at`, `password_hash`) VALUES ('38', 'Akeem', 'Gorczany', '89850234560', '2011-06-21', '2021-07-14 03:13:05', '7333b9965766043d97795e2fcf5a07cf502db05e');
INSERT INTO `client` (`id`, `first_name`, `last_name`, `phone_number`, `birthday`, `created_at`, `password_hash`) VALUES ('39', 'Maribel', 'DuBuque', '89850234560', '2002-03-27', '2021-07-25 20:26:26', '6b3cca5931306c1bd55ebbf668634db2d8023816');
INSERT INTO `client` (`id`, `first_name`, `last_name`, `phone_number`, `birthday`, `created_at`, `password_hash`) VALUES ('40', 'Lelah', 'Willms', '89850234560', '1978-08-14', '2021-07-29 03:09:45', '7445fb220f79e8891434c22cf1981f437f700547');
INSERT INTO `client` (`id`, `first_name`, `last_name`, `phone_number`, `birthday`, `created_at`, `password_hash`) VALUES ('41', 'Rhiannon', 'Breitenberg', '89850234560', '2017-12-03', '2021-08-12 05:21:22', 'fd5aec44b6f5790443ec7be587fe9ad9b026991b');
INSERT INTO `client` (`id`, `first_name`, `last_name`, `phone_number`, `birthday`, `created_at`, `password_hash`) VALUES ('42', 'Abigale', 'Windler', '89850234560', '1973-04-14', '2021-08-01 21:11:30', 'd1c4e7ab763750743ac6d83b023697a0228d9e75');
INSERT INTO `client` (`id`, `first_name`, `last_name`, `phone_number`, `birthday`, `created_at`, `password_hash`) VALUES ('43', 'Webster', 'Bins', '89850234560', '1972-10-27', '2021-07-25 15:16:14', 'b22abcc63c6694e343c74fc76af5be2e36c37348');
INSERT INTO `client` (`id`, `first_name`, `last_name`, `phone_number`, `birthday`, `created_at`, `password_hash`) VALUES ('44', 'Nya', 'Considine', '89850234560', '1988-04-06', '2021-07-22 04:20:32', 'aed3262e8200abfd4f39d68d6adec4a5798d993c');
INSERT INTO `client` (`id`, `first_name`, `last_name`, `phone_number`, `birthday`, `created_at`, `password_hash`) VALUES ('45', 'Jeramie', 'Adams', '89850234560', '2018-08-25', '2021-07-29 07:23:02', 'd8f6efc81d35662c21dfba910ed5b1039bf07b00');
INSERT INTO `client` (`id`, `first_name`, `last_name`, `phone_number`, `birthday`, `created_at`, `password_hash`) VALUES ('46', 'Moses', 'Halvorson', '89850234560', '1971-03-08', '2021-07-26 07:35:19', '907f9ec8f0e36bfd9dbc587ccaf2a5f8a728844c');
INSERT INTO `client` (`id`, `first_name`, `last_name`, `phone_number`, `birthday`, `created_at`, `password_hash`) VALUES ('47', 'Cornell', 'Reichert', '89850234560', '1995-05-23', '2021-07-24 13:36:09', '6cdb40337d0f7ffa7386df511ada3a43305c46ea');
INSERT INTO `client` (`id`, `first_name`, `last_name`, `phone_number`, `birthday`, `created_at`, `password_hash`) VALUES ('48', 'Bennett', 'Kerluke', '89850234560', '1985-11-29', '2021-07-28 18:44:28', '9a81cce102dcab875e302b78b9b23e3c79d1334f');
INSERT INTO `client` (`id`, `first_name`, `last_name`, `phone_number`, `birthday`, `created_at`, `password_hash`) VALUES ('49', 'Isaac', 'Bernhard', '89850234560', '2016-05-24', '2021-08-03 12:33:26', 'e78546ef92501389823ca12aa8deb48671ae75e2');
INSERT INTO `client` (`id`, `first_name`, `last_name`, `phone_number`, `birthday`, `created_at`, `password_hash`) VALUES ('50', 'Deonte', 'Hauck', '04350855318', '2005-09-13', '2021-08-03 04:49:49', '42a61547a2abbdf7d77744656df074b904ac9d79');


-- тренер

INSERT INTO `coach` (`id`, `first_name`, `last_name`, `phone_number`, `birthday`, `about`) VALUES ('1', 'Lelia', 'Blanda', '89031234560', '1985-03-30', '');
INSERT INTO `coach` (`id`, `first_name`, `last_name`, `phone_number`, `birthday`, `about`) VALUES ('2', 'Narciso', 'Huel', '89031204560', '1999-03-15', '');
INSERT INTO `coach` (`id`, `first_name`, `last_name`, `phone_number`, `birthday`, `about`) VALUES ('3', 'Alyson', 'Pouros', '89035834560', '1971-11-04', '');
INSERT INTO `coach` (`id`, `first_name`, `last_name`, `phone_number`, `birthday`, `about`) VALUES ('4', 'Alexander', 'Nienow', '89032234560', '1992-05-18', '');
INSERT INTO `coach` (`id`, `first_name`, `last_name`, `phone_number`, `birthday`, `about`) VALUES ('5', 'Angela', 'Heaney', '89060234560', '2000-11-12', '');
INSERT INTO `coach` (`id`, `first_name`, `last_name`, `phone_number`, `birthday`, `about`) VALUES ('6', 'Colten', 'Jacobson', '89262234560', '2001-01-05', '');
INSERT INTO `coach` (`id`, `first_name`, `last_name`, `phone_number`, `birthday`, `about`) VALUES ('7', 'Jeromy', 'Haley', '89031234000', '2000-07-19', '');
INSERT INTO `coach` (`id`, `first_name`, `last_name`, `phone_number`, `birthday`, `about`) VALUES ('8', 'Randi', 'Gulgowski', '89031784560', '1973-07-20', '');
INSERT INTO `coach` (`id`, `first_name`, `last_name`, `phone_number`, `birthday`, `about`) VALUES ('9', 'Eldora', 'Will', '89030234560', '1973-01-04', '');
INSERT INTO `coach` (`id`, `first_name`, `last_name`, `phone_number`, `birthday`, `about`) VALUES ('10', 'Meredith', 'Mills', '89831234560', '1980-08-17', '');


-- тренер/вид спорта

INSERT INTO `coach_sport_type` (`id`, `sport_id`, `coach_id`) VALUES ('1', '1', '1');
INSERT INTO `coach_sport_type` (`id`, `sport_id`, `coach_id`) VALUES ('11', '1', '1');
INSERT INTO `coach_sport_type` (`id`, `sport_id`, `coach_id`) VALUES ('6', '1', '6');
INSERT INTO `coach_sport_type` (`id`, `sport_id`, `coach_id`) VALUES ('2', '2', '2');
INSERT INTO `coach_sport_type` (`id`, `sport_id`, `coach_id`) VALUES ('12', '2', '2');
INSERT INTO `coach_sport_type` (`id`, `sport_id`, `coach_id`) VALUES ('7', '2', '7');
INSERT INTO `coach_sport_type` (`id`, `sport_id`, `coach_id`) VALUES ('3', '3', '3');
INSERT INTO `coach_sport_type` (`id`, `sport_id`, `coach_id`) VALUES ('13', '3', '3');
INSERT INTO `coach_sport_type` (`id`, `sport_id`, `coach_id`) VALUES ('8', '3', '8');
INSERT INTO `coach_sport_type` (`id`, `sport_id`, `coach_id`) VALUES ('4', '4', '4');
INSERT INTO `coach_sport_type` (`id`, `sport_id`, `coach_id`) VALUES ('14', '4', '4');
INSERT INTO `coach_sport_type` (`id`, `sport_id`, `coach_id`) VALUES ('9', '4', '9');
INSERT INTO `coach_sport_type` (`id`, `sport_id`, `coach_id`) VALUES ('5', '5', '5');
INSERT INTO `coach_sport_type` (`id`, `sport_id`, `coach_id`) VALUES ('15', '5', '5');
INSERT INTO `coach_sport_type` (`id`, `sport_id`, `coach_id`) VALUES ('10', '5', '10');


-- групповое занятие

INSERT INTO `group_activity` (`id`, `coach_sport_type_id`, `is_group_activity`, `member_quantity`) VALUES ('1', '1', 0, 6);
INSERT INTO `group_activity` (`id`, `coach_sport_type_id`, `is_group_activity`, `member_quantity`) VALUES ('2', '2', 1, 1);
INSERT INTO `group_activity` (`id`, `coach_sport_type_id`, `is_group_activity`, `member_quantity`) VALUES ('3', '3', 0, 1);
INSERT INTO `group_activity` (`id`, `coach_sport_type_id`, `is_group_activity`, `member_quantity`) VALUES ('4', '4', 0, 4);
INSERT INTO `group_activity` (`id`, `coach_sport_type_id`, `is_group_activity`, `member_quantity`) VALUES ('5', '5', 0, 5);
INSERT INTO `group_activity` (`id`, `coach_sport_type_id`, `is_group_activity`, `member_quantity`) VALUES ('6', '6', 0, 9);
INSERT INTO `group_activity` (`id`, `coach_sport_type_id`, `is_group_activity`, `member_quantity`) VALUES ('7', '7', 0, 1);
INSERT INTO `group_activity` (`id`, `coach_sport_type_id`, `is_group_activity`, `member_quantity`) VALUES ('8', '8', 1, 4);
INSERT INTO `group_activity` (`id`, `coach_sport_type_id`, `is_group_activity`, `member_quantity`) VALUES ('9', '9', 1, 3);
INSERT INTO `group_activity` (`id`, `coach_sport_type_id`, `is_group_activity`, `member_quantity`) VALUES ('10', '10', 0, 7);
INSERT INTO `group_activity` (`id`, `coach_sport_type_id`, `is_group_activity`, `member_quantity`) VALUES ('11', '11', 1, 2);
INSERT INTO `group_activity` (`id`, `coach_sport_type_id`, `is_group_activity`, `member_quantity`) VALUES ('12', '12', 0, 8);
INSERT INTO `group_activity` (`id`, `coach_sport_type_id`, `is_group_activity`, `member_quantity`) VALUES ('13', '13', 0, 7);
INSERT INTO `group_activity` (`id`, `coach_sport_type_id`, `is_group_activity`, `member_quantity`) VALUES ('14', '14', 1, 6);
INSERT INTO `group_activity` (`id`, `coach_sport_type_id`, `is_group_activity`, `member_quantity`) VALUES ('15', '15', 0, 9);
INSERT INTO `group_activity` (`id`, `coach_sport_type_id`, `is_group_activity`, `member_quantity`) VALUES ('16', '1', 1, 1);
INSERT INTO `group_activity` (`id`, `coach_sport_type_id`, `is_group_activity`, `member_quantity`) VALUES ('17', '2', 0, 1);
INSERT INTO `group_activity` (`id`, `coach_sport_type_id`, `is_group_activity`, `member_quantity`) VALUES ('18', '3', 0, 8);
INSERT INTO `group_activity` (`id`, `coach_sport_type_id`, `is_group_activity`, `member_quantity`) VALUES ('19', '4', 0, 3);
INSERT INTO `group_activity` (`id`, `coach_sport_type_id`, `is_group_activity`, `member_quantity`) VALUES ('20', '5', 1, 7);


-- членская карта

INSERT INTO `membership_card` (`id`, `card_number`, `client_id`, `expired`) VALUES ('1', '7301478522', '1', '2025-01-01');
INSERT INTO `membership_card` (`id`, `card_number`, `client_id`, `expired`) VALUES ('2', '1338450012', '2', '2025-01-01');
INSERT INTO `membership_card` (`id`, `card_number`, `client_id`, `expired`) VALUES ('3', '5872103698', '3', '2025-01-01');
INSERT INTO `membership_card` (`id`, `card_number`, `client_id`, `expired`) VALUES ('4', '2818001478', '4', '2025-01-01');
INSERT INTO `membership_card` (`id`, `card_number`, `client_id`, `expired`) VALUES ('5', '4894628102', '5', '2025-01-01');
INSERT INTO `membership_card` (`id`, `card_number`, `client_id`, `expired`) VALUES ('6', '1234567980', '6', '2025-01-01');
INSERT INTO `membership_card` (`id`, `card_number`, `client_id`, `expired`) VALUES ('7', '8456987120', '7', '2025-01-01');
INSERT INTO `membership_card` (`id`, `card_number`, `client_id`, `expired`) VALUES ('8', '6644557890', '8', '2022-01-01');
INSERT INTO `membership_card` (`id`, `card_number`, `client_id`, `expired`) VALUES ('9', '3858120456', '9', '2022-01-01');
INSERT INTO `membership_card` (`id`, `card_number`, `client_id`, `expired`) VALUES ('10', '6714560078', '10', '2022-01-01');
INSERT INTO `membership_card` (`id`, `card_number`, `client_id`, `expired`) VALUES ('11', '2259934587', '11', '2022-01-01');
INSERT INTO `membership_card` (`id`, `card_number`, `client_id`, `expired`) VALUES ('12', '5620591600', '12', '2022-01-01');
INSERT INTO `membership_card` (`id`, `card_number`, `client_id`, `expired`) VALUES ('13', '3250530258', '13', '2022-01-01');
INSERT INTO `membership_card` (`id`, `card_number`, `client_id`, `expired`) VALUES ('14', '7912345604', '14', '2022-01-01');
INSERT INTO `membership_card` (`id`, `card_number`, `client_id`, `expired`) VALUES ('15', '5895243364', '15', '2022-01-01');
INSERT INTO `membership_card` (`id`, `card_number`, `client_id`, `expired`) VALUES ('16', '6980599450', '16', '2022-01-01');
INSERT INTO `membership_card` (`id`, `card_number`, `client_id`, `expired`) VALUES ('17', '4878552200', '17', '2022-01-01');
INSERT INTO `membership_card` (`id`, `card_number`, `client_id`, `expired`) VALUES ('18', '7045765498', '18', '2021-01-01');
INSERT INTO `membership_card` (`id`, `card_number`, `client_id`, `expired`) VALUES ('19', '1245780963', '19', '2021-01-01');
INSERT INTO `membership_card` (`id`, `card_number`, `client_id`, `expired`) VALUES ('20', '5987061734', '20', '2021-01-01');
INSERT INTO `membership_card` (`id`, `card_number`, `client_id`, `expired`) VALUES ('21', '9445789045', '21', '2021-01-01');
INSERT INTO `membership_card` (`id`, `card_number`, `client_id`, `expired`) VALUES ('22', '6001001121', '22', '2021-01-01');
INSERT INTO `membership_card` (`id`, `card_number`, `client_id`, `expired`) VALUES ('23', '2448584900', '23', '2021-01-01');
INSERT INTO `membership_card` (`id`, `card_number`, `client_id`, `expired`) VALUES ('24', '3212506812', '24', '2023-01-01');
INSERT INTO `membership_card` (`id`, `card_number`, `client_id`, `expired`) VALUES ('25', '6012345568', '25', '2023-01-01');
INSERT INTO `membership_card` (`id`, `card_number`, `client_id`, `expired`) VALUES ('26', '5265106811', '26', '2023-01-01');
INSERT INTO `membership_card` (`id`, `card_number`, `client_id`, `expired`) VALUES ('27', '3534796345', '27', '2023-01-01');
INSERT INTO `membership_card` (`id`, `card_number`, `client_id`, `expired`) VALUES ('28', '1690123445', '28', '2023-01-01');
INSERT INTO `membership_card` (`id`, `card_number`, `client_id`, `expired`) VALUES ('29', '6268248120', '29', '2023-01-01');
INSERT INTO `membership_card` (`id`, `card_number`, `client_id`, `expired`) VALUES ('30', '6376205455', '30', '2023-01-01');
INSERT INTO `membership_card` (`id`, `card_number`, `client_id`, `expired`) VALUES ('31', '8202347201', '31', '2023-01-01');
INSERT INTO `membership_card` (`id`, `card_number`, `client_id`, `expired`) VALUES ('32', '9438802154', '32', '2023-01-01');
INSERT INTO `membership_card` (`id`, `card_number`, `client_id`, `expired`) VALUES ('33', '9029520112', '33', '2023-01-01');
INSERT INTO `membership_card` (`id`, `card_number`, `client_id`, `expired`) VALUES ('34', '2957479454', '34', '2023-01-01');
INSERT INTO `membership_card` (`id`, `card_number`, `client_id`, `expired`) VALUES ('35', '3903789544', '35', '2023-01-01');
INSERT INTO `membership_card` (`id`, `card_number`, `client_id`, `expired`) VALUES ('36', '9177751012', '36', '2023-01-01');
INSERT INTO `membership_card` (`id`, `card_number`, `client_id`, `expired`) VALUES ('37', '7456777002', '37', '2023-01-01');
INSERT INTO `membership_card` (`id`, `card_number`, `client_id`, `expired`) VALUES ('38', '9980088544', '38', '2023-01-01');
INSERT INTO `membership_card` (`id`, `card_number`, `client_id`, `expired`) VALUES ('39', '4699755544', '39', '2023-01-01');
INSERT INTO `membership_card` (`id`, `card_number`, `client_id`, `expired`) VALUES ('40', '5186833110', '40', '2023-01-01');
INSERT INTO `membership_card` (`id`, `card_number`, `client_id`, `expired`) VALUES ('41', '4161490498', '41', '2023-01-01');
INSERT INTO `membership_card` (`id`, `card_number`, `client_id`, `expired`) VALUES ('42', '4377513258', '42', '2023-01-01');
INSERT INTO `membership_card` (`id`, `card_number`, `client_id`, `expired`) VALUES ('43', '4567893210', '43', '2023-01-01');
INSERT INTO `membership_card` (`id`, `card_number`, `client_id`, `expired`) VALUES ('44', '5076307147', '44', '2023-01-01');
INSERT INTO `membership_card` (`id`, `card_number`, `client_id`, `expired`) VALUES ('45', '2535010124', '45', '2023-01-01');
INSERT INTO `membership_card` (`id`, `card_number`, `client_id`, `expired`) VALUES ('46', '4977100231', '46', '2023-01-01');
INSERT INTO `membership_card` (`id`, `card_number`, `client_id`, `expired`) VALUES ('47', '8185844400', '47', '2023-01-01');
INSERT INTO `membership_card` (`id`, `card_number`, `client_id`, `expired`) VALUES ('48', '3698521470', '48', '2024-01-01');
INSERT INTO `membership_card` (`id`, `card_number`, `client_id`, `expired`) VALUES ('49', '3232144450', '49', '2024-01-01');
INSERT INTO `membership_card` (`id`, `card_number`, `client_id`, `expired`) VALUES ('50', '9591979894', '50', '2024-01-01');


-- участники группы

INSERT INTO `group_members` (`member_card_id`, `group_activity_id`) VALUES ('1', '1');
INSERT INTO `group_members` (`member_card_id`, `group_activity_id`) VALUES ('1', '11');
INSERT INTO `group_members` (`member_card_id`, `group_activity_id`) VALUES ('2', '2');
INSERT INTO `group_members` (`member_card_id`, `group_activity_id`) VALUES ('2', '12');
INSERT INTO `group_members` (`member_card_id`, `group_activity_id`) VALUES ('3', '3');
INSERT INTO `group_members` (`member_card_id`, `group_activity_id`) VALUES ('3', '13');
INSERT INTO `group_members` (`member_card_id`, `group_activity_id`) VALUES ('4', '4');
INSERT INTO `group_members` (`member_card_id`, `group_activity_id`) VALUES ('4', '14');
INSERT INTO `group_members` (`member_card_id`, `group_activity_id`) VALUES ('5', '5');
INSERT INTO `group_members` (`member_card_id`, `group_activity_id`) VALUES ('5', '15');
INSERT INTO `group_members` (`member_card_id`, `group_activity_id`) VALUES ('6', '6');
INSERT INTO `group_members` (`member_card_id`, `group_activity_id`) VALUES ('6', '16');
INSERT INTO `group_members` (`member_card_id`, `group_activity_id`) VALUES ('7', '7');
INSERT INTO `group_members` (`member_card_id`, `group_activity_id`) VALUES ('7', '17');
INSERT INTO `group_members` (`member_card_id`, `group_activity_id`) VALUES ('8', '8');
INSERT INTO `group_members` (`member_card_id`, `group_activity_id`) VALUES ('8', '18');
INSERT INTO `group_members` (`member_card_id`, `group_activity_id`) VALUES ('9', '9');
INSERT INTO `group_members` (`member_card_id`, `group_activity_id`) VALUES ('9', '19');
INSERT INTO `group_members` (`member_card_id`, `group_activity_id`) VALUES ('10', '10');
INSERT INTO `group_members` (`member_card_id`, `group_activity_id`) VALUES ('10', '20');
INSERT INTO `group_members` (`member_card_id`, `group_activity_id`) VALUES ('11', '1');
INSERT INTO `group_members` (`member_card_id`, `group_activity_id`) VALUES ('11', '11');
INSERT INTO `group_members` (`member_card_id`, `group_activity_id`) VALUES ('12', '2');
INSERT INTO `group_members` (`member_card_id`, `group_activity_id`) VALUES ('12', '12');
INSERT INTO `group_members` (`member_card_id`, `group_activity_id`) VALUES ('13', '3');
INSERT INTO `group_members` (`member_card_id`, `group_activity_id`) VALUES ('13', '13');
INSERT INTO `group_members` (`member_card_id`, `group_activity_id`) VALUES ('14', '4');
INSERT INTO `group_members` (`member_card_id`, `group_activity_id`) VALUES ('14', '14');
INSERT INTO `group_members` (`member_card_id`, `group_activity_id`) VALUES ('15', '5');
INSERT INTO `group_members` (`member_card_id`, `group_activity_id`) VALUES ('15', '15');
INSERT INTO `group_members` (`member_card_id`, `group_activity_id`) VALUES ('16', '6');
INSERT INTO `group_members` (`member_card_id`, `group_activity_id`) VALUES ('16', '16');
INSERT INTO `group_members` (`member_card_id`, `group_activity_id`) VALUES ('17', '7');
INSERT INTO `group_members` (`member_card_id`, `group_activity_id`) VALUES ('17', '17');
INSERT INTO `group_members` (`member_card_id`, `group_activity_id`) VALUES ('18', '8');
INSERT INTO `group_members` (`member_card_id`, `group_activity_id`) VALUES ('18', '18');
INSERT INTO `group_members` (`member_card_id`, `group_activity_id`) VALUES ('19', '9');
INSERT INTO `group_members` (`member_card_id`, `group_activity_id`) VALUES ('19', '19');
INSERT INTO `group_members` (`member_card_id`, `group_activity_id`) VALUES ('20', '10');
INSERT INTO `group_members` (`member_card_id`, `group_activity_id`) VALUES ('20', '20');
INSERT INTO `group_members` (`member_card_id`, `group_activity_id`) VALUES ('21', '1');
INSERT INTO `group_members` (`member_card_id`, `group_activity_id`) VALUES ('21', '11');
INSERT INTO `group_members` (`member_card_id`, `group_activity_id`) VALUES ('22', '2');
INSERT INTO `group_members` (`member_card_id`, `group_activity_id`) VALUES ('22', '12');
INSERT INTO `group_members` (`member_card_id`, `group_activity_id`) VALUES ('23', '3');
INSERT INTO `group_members` (`member_card_id`, `group_activity_id`) VALUES ('23', '13');
INSERT INTO `group_members` (`member_card_id`, `group_activity_id`) VALUES ('24', '4');
INSERT INTO `group_members` (`member_card_id`, `group_activity_id`) VALUES ('24', '14');
INSERT INTO `group_members` (`member_card_id`, `group_activity_id`) VALUES ('25', '5');
INSERT INTO `group_members` (`member_card_id`, `group_activity_id`) VALUES ('25', '15');
INSERT INTO `group_members` (`member_card_id`, `group_activity_id`) VALUES ('26', '6');
INSERT INTO `group_members` (`member_card_id`, `group_activity_id`) VALUES ('27', '7');
INSERT INTO `group_members` (`member_card_id`, `group_activity_id`) VALUES ('28', '8');
INSERT INTO `group_members` (`member_card_id`, `group_activity_id`) VALUES ('29', '9');
INSERT INTO `group_members` (`member_card_id`, `group_activity_id`) VALUES ('30', '10');
INSERT INTO `group_members` (`member_card_id`, `group_activity_id`) VALUES ('31', '11');
INSERT INTO `group_members` (`member_card_id`, `group_activity_id`) VALUES ('32', '12');
INSERT INTO `group_members` (`member_card_id`, `group_activity_id`) VALUES ('33', '13');
INSERT INTO `group_members` (`member_card_id`, `group_activity_id`) VALUES ('34', '14');
INSERT INTO `group_members` (`member_card_id`, `group_activity_id`) VALUES ('35', '15');
INSERT INTO `group_members` (`member_card_id`, `group_activity_id`) VALUES ('36', '16');
INSERT INTO `group_members` (`member_card_id`, `group_activity_id`) VALUES ('37', '17');
INSERT INTO `group_members` (`member_card_id`, `group_activity_id`) VALUES ('38', '18');
INSERT INTO `group_members` (`member_card_id`, `group_activity_id`) VALUES ('39', '19');
INSERT INTO `group_members` (`member_card_id`, `group_activity_id`) VALUES ('40', '20');
INSERT INTO `group_members` (`member_card_id`, `group_activity_id`) VALUES ('41', '1');
INSERT INTO `group_members` (`member_card_id`, `group_activity_id`) VALUES ('42', '2');
INSERT INTO `group_members` (`member_card_id`, `group_activity_id`) VALUES ('43', '3');
INSERT INTO `group_members` (`member_card_id`, `group_activity_id`) VALUES ('44', '4');
INSERT INTO `group_members` (`member_card_id`, `group_activity_id`) VALUES ('45', '5');
INSERT INTO `group_members` (`member_card_id`, `group_activity_id`) VALUES ('46', '6');
INSERT INTO `group_members` (`member_card_id`, `group_activity_id`) VALUES ('47', '7');
INSERT INTO `group_members` (`member_card_id`, `group_activity_id`) VALUES ('48', '8');
INSERT INTO `group_members` (`member_card_id`, `group_activity_id`) VALUES ('49', '9');
INSERT INTO `group_members` (`member_card_id`, `group_activity_id`) VALUES ('50', '10');


-- календарь

INSERT INTO `calendar` (`id`, `week_day`, `sport_type_id`, `gym_zone_id`, `start_time`, `duration`) VALUES ('1', '3', '1', '1', '08:57:15', 64);
INSERT INTO `calendar` (`id`, `week_day`, `sport_type_id`, `gym_zone_id`, `start_time`, `duration`) VALUES ('2', '3', '2', '2', '12:42:32', 57);
INSERT INTO `calendar` (`id`, `week_day`, `sport_type_id`, `gym_zone_id`, `start_time`, `duration`) VALUES ('3', '5', '3', '3', '04:26:55', 56);
INSERT INTO `calendar` (`id`, `week_day`, `sport_type_id`, `gym_zone_id`, `start_time`, `duration`) VALUES ('4', '1', '4', '4', '01:21:00', 40);
INSERT INTO `calendar` (`id`, `week_day`, `sport_type_id`, `gym_zone_id`, `start_time`, `duration`) VALUES ('5', '3', '5', '5', '08:36:57', 43);
INSERT INTO `calendar` (`id`, `week_day`, `sport_type_id`, `gym_zone_id`, `start_time`, `duration`) VALUES ('6', '1', '1', '6', '16:06:29', 84);
INSERT INTO `calendar` (`id`, `week_day`, `sport_type_id`, `gym_zone_id`, `start_time`, `duration`) VALUES ('7', '6', '2', '7', '20:51:43', 48);
INSERT INTO `calendar` (`id`, `week_day`, `sport_type_id`, `gym_zone_id`, `start_time`, `duration`) VALUES ('8', '3', '3', '8', '22:51:27', 45);
INSERT INTO `calendar` (`id`, `week_day`, `sport_type_id`, `gym_zone_id`, `start_time`, `duration`) VALUES ('9', '2', '4', '9', '03:04:27', 68);
INSERT INTO `calendar` (`id`, `week_day`, `sport_type_id`, `gym_zone_id`, `start_time`, `duration`) VALUES ('10', '5', '5', '10', '14:26:21', 55);
INSERT INTO `calendar` (`id`, `week_day`, `sport_type_id`, `gym_zone_id`, `start_time`, `duration`) VALUES ('11', '6', '1', '1', '21:21:56', 73);
INSERT INTO `calendar` (`id`, `week_day`, `sport_type_id`, `gym_zone_id`, `start_time`, `duration`) VALUES ('12', '3', '2', '2', '15:00:17', 67);
INSERT INTO `calendar` (`id`, `week_day`, `sport_type_id`, `gym_zone_id`, `start_time`, `duration`) VALUES ('13', '3', '3', '3', '18:32:42', 63);
INSERT INTO `calendar` (`id`, `week_day`, `sport_type_id`, `gym_zone_id`, `start_time`, `duration`) VALUES ('14', '4', '4', '4', '20:17:43', 57);
INSERT INTO `calendar` (`id`, `week_day`, `sport_type_id`, `gym_zone_id`, `start_time`, `duration`) VALUES ('15', '7', '5', '5', '17:51:33', 89);
INSERT INTO `calendar` (`id`, `week_day`, `sport_type_id`, `gym_zone_id`, `start_time`, `duration`) VALUES ('16', '3', '1', '6', '02:35:02', 75);
INSERT INTO `calendar` (`id`, `week_day`, `sport_type_id`, `gym_zone_id`, `start_time`, `duration`) VALUES ('17', '4', '2', '7', '14:03:40', 73);
INSERT INTO `calendar` (`id`, `week_day`, `sport_type_id`, `gym_zone_id`, `start_time`, `duration`) VALUES ('18', '2', '3', '8', '07:29:47', 90);
INSERT INTO `calendar` (`id`, `week_day`, `sport_type_id`, `gym_zone_id`, `start_time`, `duration`) VALUES ('19', '1', '4', '9', '08:35:08', 57);
INSERT INTO `calendar` (`id`, `week_day`, `sport_type_id`, `gym_zone_id`, `start_time`, `duration`) VALUES ('20', '6', '5', '10', '02:48:08', 61);
INSERT INTO `calendar` (`id`, `week_day`, `sport_type_id`, `gym_zone_id`, `start_time`, `duration`) VALUES ('21', '6', '1', '1', '15:51:34', 45);
INSERT INTO `calendar` (`id`, `week_day`, `sport_type_id`, `gym_zone_id`, `start_time`, `duration`) VALUES ('22', '7', '2', '2', '03:50:54', 81);
INSERT INTO `calendar` (`id`, `week_day`, `sport_type_id`, `gym_zone_id`, `start_time`, `duration`) VALUES ('23', '2', '3', '3', '12:04:59', 87);
INSERT INTO `calendar` (`id`, `week_day`, `sport_type_id`, `gym_zone_id`, `start_time`, `duration`) VALUES ('24', '1', '4', '4', '00:04:27', 82);
INSERT INTO `calendar` (`id`, `week_day`, `sport_type_id`, `gym_zone_id`, `start_time`, `duration`) VALUES ('25', '1', '5', '5', '06:56:11', 81);
INSERT INTO `calendar` (`id`, `week_day`, `sport_type_id`, `gym_zone_id`, `start_time`, `duration`) VALUES ('26', '4', '1', '6', '06:19:18', 89);
INSERT INTO `calendar` (`id`, `week_day`, `sport_type_id`, `gym_zone_id`, `start_time`, `duration`) VALUES ('27', '1', '2', '7', '22:50:16', 84);
INSERT INTO `calendar` (`id`, `week_day`, `sport_type_id`, `gym_zone_id`, `start_time`, `duration`) VALUES ('28', '4', '3', '8', '06:06:04', 58);
INSERT INTO `calendar` (`id`, `week_day`, `sport_type_id`, `gym_zone_id`, `start_time`, `duration`) VALUES ('29', '5', '4', '9', '17:11:47', 78);
INSERT INTO `calendar` (`id`, `week_day`, `sport_type_id`, `gym_zone_id`, `start_time`, `duration`) VALUES ('30', '5', '5', '10', '05:27:14', 86);
INSERT INTO `calendar` (`id`, `week_day`, `sport_type_id`, `gym_zone_id`, `start_time`, `duration`) VALUES ('31', '1', '1', '1', '16:04:26', 65);
INSERT INTO `calendar` (`id`, `week_day`, `sport_type_id`, `gym_zone_id`, `start_time`, `duration`) VALUES ('32', '7', '2', '2', '09:12:35', 68);
INSERT INTO `calendar` (`id`, `week_day`, `sport_type_id`, `gym_zone_id`, `start_time`, `duration`) VALUES ('33', '1', '3', '3', '16:15:08', 57);
INSERT INTO `calendar` (`id`, `week_day`, `sport_type_id`, `gym_zone_id`, `start_time`, `duration`) VALUES ('34', '4', '4', '4', '18:19:29', 71);
INSERT INTO `calendar` (`id`, `week_day`, `sport_type_id`, `gym_zone_id`, `start_time`, `duration`) VALUES ('35', '2', '5', '5', '10:49:05', 63);
INSERT INTO `calendar` (`id`, `week_day`, `sport_type_id`, `gym_zone_id`, `start_time`, `duration`) VALUES ('36', '5', '1', '6', '06:22:44', 66);
INSERT INTO `calendar` (`id`, `week_day`, `sport_type_id`, `gym_zone_id`, `start_time`, `duration`) VALUES ('37', '5', '2', '7', '12:30:13', 62);
INSERT INTO `calendar` (`id`, `week_day`, `sport_type_id`, `gym_zone_id`, `start_time`, `duration`) VALUES ('38', '5', '3', '8', '08:48:20', 51);
INSERT INTO `calendar` (`id`, `week_day`, `sport_type_id`, `gym_zone_id`, `start_time`, `duration`) VALUES ('39', '4', '4', '9', '08:27:42', 83);
INSERT INTO `calendar` (`id`, `week_day`, `sport_type_id`, `gym_zone_id`, `start_time`, `duration`) VALUES ('40', '4', '5', '10', '01:48:44', 76);
INSERT INTO `calendar` (`id`, `week_day`, `sport_type_id`, `gym_zone_id`, `start_time`, `duration`) VALUES ('41', '1', '1', '1', '18:58:05', 79);
INSERT INTO `calendar` (`id`, `week_day`, `sport_type_id`, `gym_zone_id`, `start_time`, `duration`) VALUES ('42', '2', '2', '2', '09:58:11', 71);
INSERT INTO `calendar` (`id`, `week_day`, `sport_type_id`, `gym_zone_id`, `start_time`, `duration`) VALUES ('43', '3', '3', '3', '04:40:00', 73);
INSERT INTO `calendar` (`id`, `week_day`, `sport_type_id`, `gym_zone_id`, `start_time`, `duration`) VALUES ('44', '1', '4', '4', '22:48:45', 58);
INSERT INTO `calendar` (`id`, `week_day`, `sport_type_id`, `gym_zone_id`, `start_time`, `duration`) VALUES ('45', '6', '5', '5', '20:38:54', 88);
INSERT INTO `calendar` (`id`, `week_day`, `sport_type_id`, `gym_zone_id`, `start_time`, `duration`) VALUES ('46', '2', '1', '6', '10:36:24', 59);
INSERT INTO `calendar` (`id`, `week_day`, `sport_type_id`, `gym_zone_id`, `start_time`, `duration`) VALUES ('47', '7', '2', '7', '17:25:52', 41);
INSERT INTO `calendar` (`id`, `week_day`, `sport_type_id`, `gym_zone_id`, `start_time`, `duration`) VALUES ('48', '2', '3', '8', '12:24:43', 55);
INSERT INTO `calendar` (`id`, `week_day`, `sport_type_id`, `gym_zone_id`, `start_time`, `duration`) VALUES ('49', '4', '4', '9', '00:07:54', 69);
INSERT INTO `calendar` (`id`, `week_day`, `sport_type_id`, `gym_zone_id`, `start_time`, `duration`) VALUES ('50', '4', '5', '10', '09:46:47', 66);
INSERT INTO `calendar` (`id`, `week_day`, `sport_type_id`, `gym_zone_id`, `start_time`, `duration`) VALUES ('51', '6', '1', '1', '14:24:17', 49);
INSERT INTO `calendar` (`id`, `week_day`, `sport_type_id`, `gym_zone_id`, `start_time`, `duration`) VALUES ('52', '7', '2', '2', '06:31:12', 53);
INSERT INTO `calendar` (`id`, `week_day`, `sport_type_id`, `gym_zone_id`, `start_time`, `duration`) VALUES ('53', '6', '3', '3', '14:07:12', 86);
INSERT INTO `calendar` (`id`, `week_day`, `sport_type_id`, `gym_zone_id`, `start_time`, `duration`) VALUES ('54', '7', '4', '4', '10:04:20', 67);
INSERT INTO `calendar` (`id`, `week_day`, `sport_type_id`, `gym_zone_id`, `start_time`, `duration`) VALUES ('55', '1', '5', '5', '06:44:44', 46);
INSERT INTO `calendar` (`id`, `week_day`, `sport_type_id`, `gym_zone_id`, `start_time`, `duration`) VALUES ('56', '2', '1', '6', '16:23:05', 82);
INSERT INTO `calendar` (`id`, `week_day`, `sport_type_id`, `gym_zone_id`, `start_time`, `duration`) VALUES ('57', '4', '2', '7', '09:47:55', 89);
INSERT INTO `calendar` (`id`, `week_day`, `sport_type_id`, `gym_zone_id`, `start_time`, `duration`) VALUES ('58', '3', '3', '8', '03:47:46', 90);
INSERT INTO `calendar` (`id`, `week_day`, `sport_type_id`, `gym_zone_id`, `start_time`, `duration`) VALUES ('59', '1', '4', '9', '17:06:15', 43);
INSERT INTO `calendar` (`id`, `week_day`, `sport_type_id`, `gym_zone_id`, `start_time`, `duration`) VALUES ('60', '5', '5', '10', '22:59:13', 75);
INSERT INTO `calendar` (`id`, `week_day`, `sport_type_id`, `gym_zone_id`, `start_time`, `duration`) VALUES ('61', '5', '1', '1', '12:04:52', 62);
INSERT INTO `calendar` (`id`, `week_day`, `sport_type_id`, `gym_zone_id`, `start_time`, `duration`) VALUES ('62', '2', '2', '2', '05:59:22', 82);
INSERT INTO `calendar` (`id`, `week_day`, `sport_type_id`, `gym_zone_id`, `start_time`, `duration`) VALUES ('63', '4', '3', '3', '01:01:41', 76);
INSERT INTO `calendar` (`id`, `week_day`, `sport_type_id`, `gym_zone_id`, `start_time`, `duration`) VALUES ('64', '1', '4', '4', '15:02:16', 60);
INSERT INTO `calendar` (`id`, `week_day`, `sport_type_id`, `gym_zone_id`, `start_time`, `duration`) VALUES ('65', '5', '5', '5', '10:11:42', 73);
INSERT INTO `calendar` (`id`, `week_day`, `sport_type_id`, `gym_zone_id`, `start_time`, `duration`) VALUES ('66', '6', '1', '6', '16:34:54', 58);
INSERT INTO `calendar` (`id`, `week_day`, `sport_type_id`, `gym_zone_id`, `start_time`, `duration`) VALUES ('67', '5', '2', '7', '09:44:09', 53);
INSERT INTO `calendar` (`id`, `week_day`, `sport_type_id`, `gym_zone_id`, `start_time`, `duration`) VALUES ('68', '5', '3', '8', '17:13:56', 62);
INSERT INTO `calendar` (`id`, `week_day`, `sport_type_id`, `gym_zone_id`, `start_time`, `duration`) VALUES ('69', '5', '4', '9', '11:38:49', 88);
INSERT INTO `calendar` (`id`, `week_day`, `sport_type_id`, `gym_zone_id`, `start_time`, `duration`) VALUES ('70', '6', '5', '10', '06:58:57', 61);
INSERT INTO `calendar` (`id`, `week_day`, `sport_type_id`, `gym_zone_id`, `start_time`, `duration`) VALUES ('71', '4', '1', '1', '06:04:59', 74);
INSERT INTO `calendar` (`id`, `week_day`, `sport_type_id`, `gym_zone_id`, `start_time`, `duration`) VALUES ('72', '5', '2', '2', '19:15:54', 83);
INSERT INTO `calendar` (`id`, `week_day`, `sport_type_id`, `gym_zone_id`, `start_time`, `duration`) VALUES ('73', '6', '3', '3', '02:33:58', 74);
INSERT INTO `calendar` (`id`, `week_day`, `sport_type_id`, `gym_zone_id`, `start_time`, `duration`) VALUES ('74', '7', '4', '4', '15:50:48', 62);
INSERT INTO `calendar` (`id`, `week_day`, `sport_type_id`, `gym_zone_id`, `start_time`, `duration`) VALUES ('75', '7', '5', '5', '12:38:16', 88);
INSERT INTO `calendar` (`id`, `week_day`, `sport_type_id`, `gym_zone_id`, `start_time`, `duration`) VALUES ('76', '5', '1', '6', '10:08:01', 71);
INSERT INTO `calendar` (`id`, `week_day`, `sport_type_id`, `gym_zone_id`, `start_time`, `duration`) VALUES ('77', '4', '2', '7', '14:59:16', 72);
INSERT INTO `calendar` (`id`, `week_day`, `sport_type_id`, `gym_zone_id`, `start_time`, `duration`) VALUES ('78', '6', '3', '8', '14:28:53', 44);
INSERT INTO `calendar` (`id`, `week_day`, `sport_type_id`, `gym_zone_id`, `start_time`, `duration`) VALUES ('79', '3', '4', '9', '04:50:56', 74);
INSERT INTO `calendar` (`id`, `week_day`, `sport_type_id`, `gym_zone_id`, `start_time`, `duration`) VALUES ('80', '6', '5', '10', '12:34:44', 81);
INSERT INTO `calendar` (`id`, `week_day`, `sport_type_id`, `gym_zone_id`, `start_time`, `duration`) VALUES ('81', '6', '1', '1', '18:56:26', 40);
INSERT INTO `calendar` (`id`, `week_day`, `sport_type_id`, `gym_zone_id`, `start_time`, `duration`) VALUES ('82', '2', '2', '2', '19:22:48', 49);
INSERT INTO `calendar` (`id`, `week_day`, `sport_type_id`, `gym_zone_id`, `start_time`, `duration`) VALUES ('83', '1', '3', '3', '16:28:08', 64);
INSERT INTO `calendar` (`id`, `week_day`, `sport_type_id`, `gym_zone_id`, `start_time`, `duration`) VALUES ('84', '6', '4', '4', '05:44:10', 67);
INSERT INTO `calendar` (`id`, `week_day`, `sport_type_id`, `gym_zone_id`, `start_time`, `duration`) VALUES ('85', '6', '5', '5', '12:05:54', 88);
INSERT INTO `calendar` (`id`, `week_day`, `sport_type_id`, `gym_zone_id`, `start_time`, `duration`) VALUES ('86', '3', '1', '6', '17:17:30', 41);
INSERT INTO `calendar` (`id`, `week_day`, `sport_type_id`, `gym_zone_id`, `start_time`, `duration`) VALUES ('87', '2', '2', '7', '04:11:32', 81);
INSERT INTO `calendar` (`id`, `week_day`, `sport_type_id`, `gym_zone_id`, `start_time`, `duration`) VALUES ('88', '4', '3', '8', '03:59:51', 68);
INSERT INTO `calendar` (`id`, `week_day`, `sport_type_id`, `gym_zone_id`, `start_time`, `duration`) VALUES ('89', '7', '4', '9', '12:39:15', 51);
INSERT INTO `calendar` (`id`, `week_day`, `sport_type_id`, `gym_zone_id`, `start_time`, `duration`) VALUES ('90', '4', '5', '10', '23:54:28', 76);
INSERT INTO `calendar` (`id`, `week_day`, `sport_type_id`, `gym_zone_id`, `start_time`, `duration`) VALUES ('91', '4', '1', '1', '20:20:04', 85);
INSERT INTO `calendar` (`id`, `week_day`, `sport_type_id`, `gym_zone_id`, `start_time`, `duration`) VALUES ('92', '2', '2', '2', '00:32:46', 61);
INSERT INTO `calendar` (`id`, `week_day`, `sport_type_id`, `gym_zone_id`, `start_time`, `duration`) VALUES ('93', '6', '3', '3', '21:24:57', 45);
INSERT INTO `calendar` (`id`, `week_day`, `sport_type_id`, `gym_zone_id`, `start_time`, `duration`) VALUES ('94', '2', '4', '4', '19:19:57', 87);
INSERT INTO `calendar` (`id`, `week_day`, `sport_type_id`, `gym_zone_id`, `start_time`, `duration`) VALUES ('95', '2', '5', '5', '19:29:36', 66);
INSERT INTO `calendar` (`id`, `week_day`, `sport_type_id`, `gym_zone_id`, `start_time`, `duration`) VALUES ('96', '5', '1', '6', '01:11:01', 54);
INSERT INTO `calendar` (`id`, `week_day`, `sport_type_id`, `gym_zone_id`, `start_time`, `duration`) VALUES ('97', '5', '2', '7', '02:29:04', 61);
INSERT INTO `calendar` (`id`, `week_day`, `sport_type_id`, `gym_zone_id`, `start_time`, `duration`) VALUES ('98', '3', '3', '8', '05:59:34', 63);
INSERT INTO `calendar` (`id`, `week_day`, `sport_type_id`, `gym_zone_id`, `start_time`, `duration`) VALUES ('99', '5', '4', '9', '06:11:19', 42);
INSERT INTO `calendar` (`id`, `week_day`, `sport_type_id`, `gym_zone_id`, `start_time`, `duration`) VALUES ('100', '6', '5', '10', '07:27:14', 77);


-- расписание

INSERT INTO `schedule` (`id`, `group_activity_id`, `calendar_id`, `activity_status_id`) VALUES ('1', '1', '1', '1');
INSERT INTO `schedule` (`id`, `group_activity_id`, `calendar_id`, `activity_status_id`) VALUES ('21', '1', '21', '3');
INSERT INTO `schedule` (`id`, `group_activity_id`, `calendar_id`, `activity_status_id`) VALUES ('41', '1', '41', '2');
INSERT INTO `schedule` (`id`, `group_activity_id`, `calendar_id`, `activity_status_id`) VALUES ('61', '1', '61', '1');
INSERT INTO `schedule` (`id`, `group_activity_id`, `calendar_id`, `activity_status_id`) VALUES ('81', '1', '81', '3');
INSERT INTO `schedule` (`id`, `group_activity_id`, `calendar_id`, `activity_status_id`) VALUES ('2', '2', '2', '2');
INSERT INTO `schedule` (`id`, `group_activity_id`, `calendar_id`, `activity_status_id`) VALUES ('22', '2', '22', '1');
INSERT INTO `schedule` (`id`, `group_activity_id`, `calendar_id`, `activity_status_id`) VALUES ('42', '2', '42', '3');
INSERT INTO `schedule` (`id`, `group_activity_id`, `calendar_id`, `activity_status_id`) VALUES ('62', '2', '62', '2');
INSERT INTO `schedule` (`id`, `group_activity_id`, `calendar_id`, `activity_status_id`) VALUES ('82', '2', '82', '1');
INSERT INTO `schedule` (`id`, `group_activity_id`, `calendar_id`, `activity_status_id`) VALUES ('3', '3', '3', '3');
INSERT INTO `schedule` (`id`, `group_activity_id`, `calendar_id`, `activity_status_id`) VALUES ('23', '3', '23', '2');
INSERT INTO `schedule` (`id`, `group_activity_id`, `calendar_id`, `activity_status_id`) VALUES ('43', '3', '43', '1');
INSERT INTO `schedule` (`id`, `group_activity_id`, `calendar_id`, `activity_status_id`) VALUES ('63', '3', '63', '3');
INSERT INTO `schedule` (`id`, `group_activity_id`, `calendar_id`, `activity_status_id`) VALUES ('83', '3', '83', '2');
INSERT INTO `schedule` (`id`, `group_activity_id`, `calendar_id`, `activity_status_id`) VALUES ('4', '4', '4', '1');
INSERT INTO `schedule` (`id`, `group_activity_id`, `calendar_id`, `activity_status_id`) VALUES ('24', '4', '24', '3');
INSERT INTO `schedule` (`id`, `group_activity_id`, `calendar_id`, `activity_status_id`) VALUES ('44', '4', '44', '2');
INSERT INTO `schedule` (`id`, `group_activity_id`, `calendar_id`, `activity_status_id`) VALUES ('64', '4', '64', '1');
INSERT INTO `schedule` (`id`, `group_activity_id`, `calendar_id`, `activity_status_id`) VALUES ('84', '4', '84', '3');
INSERT INTO `schedule` (`id`, `group_activity_id`, `calendar_id`, `activity_status_id`) VALUES ('5', '5', '5', '2');
INSERT INTO `schedule` (`id`, `group_activity_id`, `calendar_id`, `activity_status_id`) VALUES ('25', '5', '25', '1');
INSERT INTO `schedule` (`id`, `group_activity_id`, `calendar_id`, `activity_status_id`) VALUES ('45', '5', '45', '3');
INSERT INTO `schedule` (`id`, `group_activity_id`, `calendar_id`, `activity_status_id`) VALUES ('65', '5', '65', '2');
INSERT INTO `schedule` (`id`, `group_activity_id`, `calendar_id`, `activity_status_id`) VALUES ('85', '5', '85', '1');
INSERT INTO `schedule` (`id`, `group_activity_id`, `calendar_id`, `activity_status_id`) VALUES ('6', '6', '6', '3');
INSERT INTO `schedule` (`id`, `group_activity_id`, `calendar_id`, `activity_status_id`) VALUES ('26', '6', '26', '2');
INSERT INTO `schedule` (`id`, `group_activity_id`, `calendar_id`, `activity_status_id`) VALUES ('46', '6', '46', '1');
INSERT INTO `schedule` (`id`, `group_activity_id`, `calendar_id`, `activity_status_id`) VALUES ('66', '6', '66', '3');
INSERT INTO `schedule` (`id`, `group_activity_id`, `calendar_id`, `activity_status_id`) VALUES ('86', '6', '86', '2');
INSERT INTO `schedule` (`id`, `group_activity_id`, `calendar_id`, `activity_status_id`) VALUES ('7', '7', '7', '1');
INSERT INTO `schedule` (`id`, `group_activity_id`, `calendar_id`, `activity_status_id`) VALUES ('27', '7', '27', '3');
INSERT INTO `schedule` (`id`, `group_activity_id`, `calendar_id`, `activity_status_id`) VALUES ('47', '7', '47', '2');
INSERT INTO `schedule` (`id`, `group_activity_id`, `calendar_id`, `activity_status_id`) VALUES ('67', '7', '67', '1');
INSERT INTO `schedule` (`id`, `group_activity_id`, `calendar_id`, `activity_status_id`) VALUES ('87', '7', '87', '3');
INSERT INTO `schedule` (`id`, `group_activity_id`, `calendar_id`, `activity_status_id`) VALUES ('8', '8', '8', '2');
INSERT INTO `schedule` (`id`, `group_activity_id`, `calendar_id`, `activity_status_id`) VALUES ('28', '8', '28', '1');
INSERT INTO `schedule` (`id`, `group_activity_id`, `calendar_id`, `activity_status_id`) VALUES ('48', '8', '48', '3');
INSERT INTO `schedule` (`id`, `group_activity_id`, `calendar_id`, `activity_status_id`) VALUES ('68', '8', '68', '2');
INSERT INTO `schedule` (`id`, `group_activity_id`, `calendar_id`, `activity_status_id`) VALUES ('88', '8', '88', '1');
INSERT INTO `schedule` (`id`, `group_activity_id`, `calendar_id`, `activity_status_id`) VALUES ('9', '9', '9', '3');
INSERT INTO `schedule` (`id`, `group_activity_id`, `calendar_id`, `activity_status_id`) VALUES ('29', '9', '29', '2');
INSERT INTO `schedule` (`id`, `group_activity_id`, `calendar_id`, `activity_status_id`) VALUES ('49', '9', '49', '1');
INSERT INTO `schedule` (`id`, `group_activity_id`, `calendar_id`, `activity_status_id`) VALUES ('69', '9', '69', '3');
INSERT INTO `schedule` (`id`, `group_activity_id`, `calendar_id`, `activity_status_id`) VALUES ('89', '9', '89', '2');
INSERT INTO `schedule` (`id`, `group_activity_id`, `calendar_id`, `activity_status_id`) VALUES ('10', '10', '10', '1');
INSERT INTO `schedule` (`id`, `group_activity_id`, `calendar_id`, `activity_status_id`) VALUES ('30', '10', '30', '3');
INSERT INTO `schedule` (`id`, `group_activity_id`, `calendar_id`, `activity_status_id`) VALUES ('50', '10', '50', '2');
INSERT INTO `schedule` (`id`, `group_activity_id`, `calendar_id`, `activity_status_id`) VALUES ('70', '10', '70', '1');
INSERT INTO `schedule` (`id`, `group_activity_id`, `calendar_id`, `activity_status_id`) VALUES ('90', '10', '90', '3');
INSERT INTO `schedule` (`id`, `group_activity_id`, `calendar_id`, `activity_status_id`) VALUES ('11', '11', '11', '2');
INSERT INTO `schedule` (`id`, `group_activity_id`, `calendar_id`, `activity_status_id`) VALUES ('31', '11', '31', '1');
INSERT INTO `schedule` (`id`, `group_activity_id`, `calendar_id`, `activity_status_id`) VALUES ('51', '11', '51', '3');
INSERT INTO `schedule` (`id`, `group_activity_id`, `calendar_id`, `activity_status_id`) VALUES ('71', '11', '71', '2');
INSERT INTO `schedule` (`id`, `group_activity_id`, `calendar_id`, `activity_status_id`) VALUES ('91', '11', '91', '1');
INSERT INTO `schedule` (`id`, `group_activity_id`, `calendar_id`, `activity_status_id`) VALUES ('12', '12', '12', '3');
INSERT INTO `schedule` (`id`, `group_activity_id`, `calendar_id`, `activity_status_id`) VALUES ('32', '12', '32', '2');
INSERT INTO `schedule` (`id`, `group_activity_id`, `calendar_id`, `activity_status_id`) VALUES ('52', '12', '52', '1');
INSERT INTO `schedule` (`id`, `group_activity_id`, `calendar_id`, `activity_status_id`) VALUES ('72', '12', '72', '3');
INSERT INTO `schedule` (`id`, `group_activity_id`, `calendar_id`, `activity_status_id`) VALUES ('92', '12', '92', '2');
INSERT INTO `schedule` (`id`, `group_activity_id`, `calendar_id`, `activity_status_id`) VALUES ('13', '13', '13', '1');
INSERT INTO `schedule` (`id`, `group_activity_id`, `calendar_id`, `activity_status_id`) VALUES ('33', '13', '33', '3');
INSERT INTO `schedule` (`id`, `group_activity_id`, `calendar_id`, `activity_status_id`) VALUES ('53', '13', '53', '2');
INSERT INTO `schedule` (`id`, `group_activity_id`, `calendar_id`, `activity_status_id`) VALUES ('73', '13', '73', '1');
INSERT INTO `schedule` (`id`, `group_activity_id`, `calendar_id`, `activity_status_id`) VALUES ('93', '13', '93', '3');
INSERT INTO `schedule` (`id`, `group_activity_id`, `calendar_id`, `activity_status_id`) VALUES ('14', '14', '14', '2');
INSERT INTO `schedule` (`id`, `group_activity_id`, `calendar_id`, `activity_status_id`) VALUES ('34', '14', '34', '1');
INSERT INTO `schedule` (`id`, `group_activity_id`, `calendar_id`, `activity_status_id`) VALUES ('54', '14', '54', '3');
INSERT INTO `schedule` (`id`, `group_activity_id`, `calendar_id`, `activity_status_id`) VALUES ('74', '14', '74', '2');
INSERT INTO `schedule` (`id`, `group_activity_id`, `calendar_id`, `activity_status_id`) VALUES ('94', '14', '94', '1');
INSERT INTO `schedule` (`id`, `group_activity_id`, `calendar_id`, `activity_status_id`) VALUES ('15', '15', '15', '3');
INSERT INTO `schedule` (`id`, `group_activity_id`, `calendar_id`, `activity_status_id`) VALUES ('35', '15', '35', '2');
INSERT INTO `schedule` (`id`, `group_activity_id`, `calendar_id`, `activity_status_id`) VALUES ('55', '15', '55', '1');
INSERT INTO `schedule` (`id`, `group_activity_id`, `calendar_id`, `activity_status_id`) VALUES ('75', '15', '75', '3');
INSERT INTO `schedule` (`id`, `group_activity_id`, `calendar_id`, `activity_status_id`) VALUES ('95', '15', '95', '2');
INSERT INTO `schedule` (`id`, `group_activity_id`, `calendar_id`, `activity_status_id`) VALUES ('16', '16', '16', '1');
INSERT INTO `schedule` (`id`, `group_activity_id`, `calendar_id`, `activity_status_id`) VALUES ('36', '16', '36', '3');
INSERT INTO `schedule` (`id`, `group_activity_id`, `calendar_id`, `activity_status_id`) VALUES ('56', '16', '56', '2');
INSERT INTO `schedule` (`id`, `group_activity_id`, `calendar_id`, `activity_status_id`) VALUES ('76', '16', '76', '1');
INSERT INTO `schedule` (`id`, `group_activity_id`, `calendar_id`, `activity_status_id`) VALUES ('96', '16', '96', '3');
INSERT INTO `schedule` (`id`, `group_activity_id`, `calendar_id`, `activity_status_id`) VALUES ('17', '17', '17', '2');
INSERT INTO `schedule` (`id`, `group_activity_id`, `calendar_id`, `activity_status_id`) VALUES ('37', '17', '37', '1');
INSERT INTO `schedule` (`id`, `group_activity_id`, `calendar_id`, `activity_status_id`) VALUES ('57', '17', '57', '3');
INSERT INTO `schedule` (`id`, `group_activity_id`, `calendar_id`, `activity_status_id`) VALUES ('77', '17', '77', '2');
INSERT INTO `schedule` (`id`, `group_activity_id`, `calendar_id`, `activity_status_id`) VALUES ('97', '17', '97', '1');
INSERT INTO `schedule` (`id`, `group_activity_id`, `calendar_id`, `activity_status_id`) VALUES ('18', '18', '18', '3');
INSERT INTO `schedule` (`id`, `group_activity_id`, `calendar_id`, `activity_status_id`) VALUES ('38', '18', '38', '2');
INSERT INTO `schedule` (`id`, `group_activity_id`, `calendar_id`, `activity_status_id`) VALUES ('58', '18', '58', '1');
INSERT INTO `schedule` (`id`, `group_activity_id`, `calendar_id`, `activity_status_id`) VALUES ('78', '18', '78', '3');
INSERT INTO `schedule` (`id`, `group_activity_id`, `calendar_id`, `activity_status_id`) VALUES ('98', '18', '98', '2');
INSERT INTO `schedule` (`id`, `group_activity_id`, `calendar_id`, `activity_status_id`) VALUES ('19', '19', '19', '1');
INSERT INTO `schedule` (`id`, `group_activity_id`, `calendar_id`, `activity_status_id`) VALUES ('39', '19', '39', '3');
INSERT INTO `schedule` (`id`, `group_activity_id`, `calendar_id`, `activity_status_id`) VALUES ('59', '19', '59', '2');
INSERT INTO `schedule` (`id`, `group_activity_id`, `calendar_id`, `activity_status_id`) VALUES ('79', '19', '79', '1');
INSERT INTO `schedule` (`id`, `group_activity_id`, `calendar_id`, `activity_status_id`) VALUES ('99', '19', '99', '3');
INSERT INTO `schedule` (`id`, `group_activity_id`, `calendar_id`, `activity_status_id`) VALUES ('20', '20', '20', '2');
INSERT INTO `schedule` (`id`, `group_activity_id`, `calendar_id`, `activity_status_id`) VALUES ('40', '20', '40', '1');
INSERT INTO `schedule` (`id`, `group_activity_id`, `calendar_id`, `activity_status_id`) VALUES ('60', '20', '60', '3');
INSERT INTO `schedule` (`id`, `group_activity_id`, `calendar_id`, `activity_status_id`) VALUES ('80', '20', '80', '2');
INSERT INTO `schedule` (`id`, `group_activity_id`, `calendar_id`, `activity_status_id`) VALUES ('100', '20', '100', '1');



